{"type":"FeatureCollection","license":"https://opendatacommons.org/licenses/odbl/1-0/","attribution":"OpenStreetMap contributors","features":[{"type":"Feature","properties":{"source":"https://www.openstreetmap.org/way/24719058","name":"Gosaikunda"},"geometry":{"type":"Polygon","coordinates":[[[85.4141014,28.0840665],[85.4139258,28.0840821],[85.413677,28.0840957],[85.4132062,28.0841386],[85.4127344,28.0841711],[85.4123802,28.0841646],[85.4121175,28.0841514],[85.4119277,28.0840845],[85.411765,28.0840118],[85.4116421,28.0839092],[85.4115365,28.0838295],[85.4113876,28.0837595],[85.4112588,28.0837158],[85.4111113,28.0837186],[85.4109882,28.0836562],[85.4108646,28.0836378],[85.410739,28.0835255],[85.4104551,28.0832936],[85.4104146,28.0832663],[85.4103874,28.0832154],[85.4104024,28.0831357],[85.4104691,28.0831032],[85.4104622,28.0830368],[85.4104766,28.0830283],[85.4105206,28.083079],[85.4105343,28.0830476],[85.4105768,28.0830525],[85.4106075,28.0830581],[85.4106469,28.0830201],[85.4106489,28.0829889],[85.410708,28.0829816],[85.4107524,28.0829605],[85.4108416,28.0828765],[85.4109208,28.082796],[85.4111233,28.0826996],[85.4112969,28.0826197],[85.4116302,28.0824541],[85.4119172,28.0823133],[85.4120084,28.0822612],[85.4120795,28.0821979],[85.4121908,28.082105],[85.4126099,28.0818441],[85.4129089,28.0816217],[85.4130283,28.0815578],[85.4131235,28.0815175],[85.4132523,28.0814667],[85.4133636,28.0814974],[85.4134682,28.0815436],[85.4136184,28.0815767],[85.4137471,28.0815566],[85.4138102,28.0814998],[85.4139067,28.0813933],[85.4141106,28.0812158],[85.4143533,28.0811247],[85.4146524,28.081017],[85.4149716,28.0809496],[85.4152063,28.0809567],[85.4153924,28.0810331],[85.4155616,28.0811993],[85.4156569,28.0812915],[85.4157709,28.0813661],[85.4159586,28.0814182],[85.416149,28.0814454],[85.4163274,28.0815116],[85.4165125,28.0816371],[85.41666,28.0817554],[85.4166707,28.081837],[85.4166305,28.081934],[85.4163341,28.0822026],[85.4162027,28.0824014],[85.4160739,28.0826416],[85.4159103,28.0828652],[85.4158141,28.0829961],[85.4157829,28.0832379],[85.4157883,28.0833764],[85.4157521,28.0835053],[85.4156622,28.0836118],[85.4155362,28.0837503],[85.4153202,28.0838958],[85.4152049,28.0839656],[85.4150614,28.0840118],[85.4149112,28.0839987],[85.4146824,28.0839733],[85.4146492,28.0839621],[85.4145153,28.0839552],[85.4142825,28.0840115],[85.4141014,28.0840665]]]}},{"type":"Feature","properties":{"source":"https://www.openstreetmap.org/way/24719062","name":"Bhairab Kund"},"geometry":{"type":"Polygon","coordinates":[[[85.4054394,28.0799974],[85.4048065,28.0797963],[85.4045223,28.0795205],[85.4044596,28.0794481],[85.404744,28.0791642],[85.4061016,28.0790797],[85.4074009,28.0786056],[85.4078961,28.0781424],[85.4089714,28.0785323],[85.4102905,28.0799167],[85.4101653,28.0807141],[85.409597,28.0813471],[85.4092987,28.0813058],[85.4089511,28.0814941],[85.408634,28.081487],[85.4084532,28.0815592],[85.4084673,28.0818417],[85.4084335,28.0818851],[85.4082278,28.0819314],[85.4081317,28.0820086],[85.4079635,28.0821889],[85.4074258,28.0823539],[85.4069916,28.0827239],[85.4068638,28.0827471],[85.4068236,28.082704],[85.4067586,28.0826964],[85.4067042,28.0825887],[85.4067485,28.0823983],[85.4068156,28.0819961],[85.406721,28.0818904],[85.4065609,28.0818595],[85.4063352,28.0819062],[85.4061753,28.0818577],[85.4060466,28.0819914],[85.4058778,28.08199],[85.4056721,28.0817393],[85.4057898,28.0816593],[85.4059206,28.0813141],[85.4058464,28.0812802],[85.4057941,28.0814421],[85.4055796,28.0814463],[85.4053307,28.0813346],[85.405407,28.0808699],[85.4055901,28.0808309],[85.4054394,28.0799974]]]}},{"type":"Feature","properties":{"source":"https://www.openstreetmap.org/way/24719067","name":"Lamu kunda"},"geometry":{"type":"Polygon","coordinates":[[[85.3894246,28.0569035],[85.3890354,28.0571055],[85.3887911,28.0574005],[85.3888242,28.0580725],[85.3888374,28.0585501],[85.3885818,28.0589846],[85.3882829,28.0597268],[85.3879,28.0604724],[85.3879612,28.0607442],[85.3881641,28.061055],[85.3881905,28.0616375],[85.3878604,28.0620219],[85.3878208,28.0626161],[85.3877812,28.0633617],[85.3878604,28.0641422],[85.3878472,28.0647829],[85.3878987,28.0649712],[85.3878397,28.0651558],[85.387954,28.0654501],[85.3880013,28.0654901],[85.3880525,28.0654587],[85.3881843,28.0654173],[85.3883281,28.065305],[85.3884545,28.0647829],[85.3886789,28.0644917],[85.3892575,28.063896],[85.3897546,28.0630263],[85.3901048,28.0614161],[85.3900493,28.0607357],[85.3902764,28.060053],[85.39058,28.0594472],[85.3906434,28.0592797],[85.3907253,28.0590861],[85.3905536,28.0585268],[85.3905933,28.0580725],[85.3904876,28.0575948],[85.3905598,28.0569462],[85.3902632,28.0568725],[85.3894246,28.0569035]]]}},{"type":"Feature","properties":{"source":"https://www.openstreetmap.org/way/26772994","name":"Tilicho Lake"},"geometry":{"type":"Polygon","coordinates":[[[83.8520786,28.7001083],[83.8525277,28.6991073],[83.8528854,28.6962126],[83.8535571,28.6955757],[83.8542759,28.6953592],[83.8547302,28.6951986],[83.854984,28.694804],[83.8550377,28.6941922],[83.8552737,28.6936934],[83.8553488,28.6929782],[83.8556385,28.6924982],[83.8558745,28.6920559],[83.8564603,28.6910308],[83.856765,28.6904465],[83.8568509,28.6901736],[83.8573658,28.6894018],[83.8580739,28.688743],[83.8585889,28.6883194],[83.8589573,28.6881305],[83.8591897,28.6878583],[83.859576,28.6877077],[83.860327,28.6873783],[83.8611317,28.68703],[83.8616037,28.6868418],[83.8618987,28.6865673],[83.8619792,28.6857688],[83.8622538,28.6850255],[83.8626486,28.6830904],[83.8631701,28.6825687],[83.8638353,28.6822957],[83.8647943,28.6816305],[83.8652623,28.6812039],[83.8655046,28.6806649],[83.8656163,28.6801685],[83.8653426,28.6797264],[83.864876,28.6794249],[83.8642001,28.6791143],[83.8636637,28.6788319],[83.8629546,28.6788389],[83.8597916,28.6768964],[83.8575775,28.6762026],[83.8555967,28.6738612],[83.8532429,28.6742794],[83.8496502,28.675969],[83.8495804,28.6765184],[83.8498233,28.676808],[83.8505892,28.677135],[83.8510283,28.677163],[83.8512898,28.6771817],[83.8512338,28.6769061],[83.8511918,28.6766632],[83.8518316,28.6767146],[83.8528872,28.6771443],[83.8531272,28.6779004],[83.8534656,28.6790239],[83.8519368,28.6806426],[83.851646,28.6821925],[83.8529283,28.6839008],[83.8519098,28.6869731],[83.8510346,28.6893625],[83.8491439,28.6921185],[83.8471272,28.6937333],[83.8443921,28.6950073],[83.8426853,28.6952521],[83.8416958,28.6956748],[83.8412458,28.6969865],[83.8413635,28.6993905],[83.8411333,28.7037938],[83.8399786,28.7058085],[83.8397288,28.7063757],[83.8397008,28.7071043],[83.8397381,28.7077021],[83.8399174,28.7081107],[83.8400276,28.7081507],[83.840336,28.7082626],[83.8408124,28.7082813],[83.8419206,28.7081107],[83.8432913,28.7073247],[83.8439272,28.7077482],[83.8452164,28.7078041],[83.8471172,28.7070885],[83.848891,28.7053716],[83.8492944,28.703896],[83.8502289,28.7023301],[83.8520786,28.7001083]]]}},{"type":"Feature","properties":{"source":"https://www.openstreetmap.org/way/36479494","name":"Taujun Tso"},"geometry":{"type":"Polygon","coordinates":[[[86.7003001,27.9427715],[86.7004678,27.9418361],[86.7006766,27.9414105],[86.701013,27.9411135],[86.7010656,27.9406193],[86.7011972,27.9402731],[86.7012616,27.9398651],[86.7014691,27.9393672],[86.7018204,27.9389618],[86.7011975,27.9389643],[86.7009166,27.9388479],[86.6999565,27.9388084],[86.6994074,27.9390972],[86.6992536,27.9388594],[86.6988902,27.9389011],[86.6972912,27.9398557],[86.6970212,27.9401544],[86.697157,27.9404159],[86.6975417,27.9416739],[86.6975336,27.9422024],[86.6974503,27.9425268],[86.6972517,27.9428179],[86.6968521,27.9432318],[86.6967204,27.9435322],[86.6968589,27.9437051],[86.6970674,27.9438736],[86.6973347,27.9439623],[86.6977392,27.9439278],[86.6982452,27.9438346],[86.6990416,27.9437776],[86.6996378,27.9432461],[86.7003001,27.9427715]]]}},{"type":"Feature","properties":{"source":"https://www.openstreetmap.org/way/40200994","name":"Doodh Pokhari"},"geometry":{"type":"Polygon","coordinates":[[[86.6952911,27.9488806],[86.6951727,27.9489331],[86.695048,27.9489356],[86.6949362,27.9489453],[86.6947672,27.9489453],[86.6946211,27.9489567],[86.6944149,27.9489882],[86.6943204,27.948994],[86.6942284,27.9490007],[86.6941514,27.9490369],[86.6940282,27.9490513],[86.6938506,27.9491057],[86.6937045,27.9491458],[86.6935187,27.94916],[86.6933046,27.9491695],[86.6932325,27.9491885],[86.6931543,27.9491743],[86.69302,27.9491171],[86.692894,27.9491486],[86.6927193,27.949154],[86.6926158,27.9491601],[86.6924506,27.9492156],[86.6922954,27.9492288],[86.6921522,27.9492002],[86.691986,27.9491257],[86.6918715,27.9490455],[86.6917598,27.9488851],[86.6916137,27.948825],[86.6915134,27.9486846],[86.6913387,27.9486102],[86.6912413,27.9485529],[86.6911325,27.9485013],[86.691034,27.948425],[86.6908612,27.9484425],[86.690743,27.948467],[86.6905969,27.9484011],[86.6904463,27.9483321],[86.6903298,27.9483004],[86.6902074,27.9483238],[86.6900928,27.9483753],[86.6899252,27.9483995],[86.6896108,27.9484539],[86.6894183,27.948472],[86.6893137,27.9485157],[86.689245,27.948613],[86.6891705,27.9487247],[86.6890703,27.9487763],[86.6888812,27.9487734],[86.6887409,27.9487076],[86.6886149,27.9485787],[86.6885261,27.9485185],[86.6884774,27.9484927],[86.6883313,27.9484641],[86.6880649,27.9484813],[86.6879103,27.9484813],[86.6877613,27.9485013],[86.6875924,27.9484068],[86.6874867,27.9484353],[86.6873246,27.9485251],[86.6870238,27.948436],[86.6870119,27.9484473],[86.6868544,27.9483268],[86.6867446,27.9483209],[86.6865727,27.9484269],[86.686517,27.9484641],[86.6865068,27.9485558],[86.6863808,27.9486589],[86.6863378,27.9488651],[86.6863407,27.948951],[86.6863063,27.9490656],[86.6862519,27.9491887],[86.6862662,27.9492861],[86.6862032,27.9494121],[86.6861545,27.9494465],[86.6861244,27.9495289],[86.686024,27.9495913],[86.685956,27.9497524],[86.6859101,27.9498399],[86.6858144,27.9499493],[86.6857397,27.9500895],[86.6857072,27.9502322],[86.6855623,27.9504062],[86.6855284,27.9505942],[86.6854774,27.9506796],[86.6853403,27.9508338],[86.6852943,27.9509567],[86.6853067,27.951188],[86.6853693,27.9512797],[86.6853869,27.9513054],[86.6854958,27.9514028],[86.6857278,27.9515574],[86.6860858,27.9516605],[86.6863665,27.9518095],[86.6865927,27.9519441],[86.6868964,27.9520415],[86.6871054,27.9521675],[86.6872945,27.9522706],[86.6874978,27.9523823],[86.6877152,27.9524142],[86.6879704,27.9524854],[86.6882139,27.9526917],[86.6884316,27.9527976],[86.6886263,27.9529065],[86.6887037,27.9529609],[86.6889815,27.9529895],[86.6891906,27.9530124],[86.6893939,27.9531012],[86.6894512,27.9531585],[86.6896202,27.953253],[86.6898006,27.9533332],[86.6902389,27.9535395],[86.6904222,27.9536741],[86.6906914,27.9538803],[86.6908776,27.9540035],[86.691101,27.9541094],[86.69129,27.9541553],[86.6914848,27.9542584],[86.6917397,27.9543701],[86.6919001,27.9544875],[86.6920175,27.9545448],[86.6921493,27.9546508],[86.6927279,27.9546995],[86.6928453,27.9546221],[86.6929198,27.9545935],[86.6929942,27.9545963],[86.6930572,27.9545562],[86.6931031,27.9545305],[86.6931775,27.9544531],[86.6932064,27.9543732],[86.6932037,27.9542685],[86.6932382,27.954124],[86.6932496,27.9540225],[86.693265,27.953855],[86.693277,27.9537523],[86.6933029,27.9535982],[86.6933838,27.9534621],[86.6934655,27.9532754],[86.6935823,27.9531435],[86.6936301,27.9530268],[86.6936816,27.9529781],[86.6937905,27.9528836],[86.6938678,27.9527489],[86.6939451,27.9526745],[86.6940311,27.9525456],[86.6940626,27.9524912],[86.6941227,27.9523422],[86.6942115,27.9522792],[86.6942745,27.952199],[86.694249,27.9520558],[86.6942461,27.9519377],[86.6942697,27.9518298],[86.694274,27.9517182],[86.6942553,27.9515967],[86.6942411,27.9514829],[86.6942179,27.9513095],[86.6942637,27.9511044],[86.6942296,27.9508987],[86.6942316,27.950764],[86.694131,27.9506643],[86.6940506,27.9505403],[86.6939768,27.9503701],[86.6940483,27.9501941],[86.6940511,27.950091],[86.6940998,27.9499993],[86.6942086,27.949859],[86.6943776,27.9497444],[86.694555,27.9496304],[86.6947099,27.9494895],[86.6948359,27.9493377],[86.6948903,27.9492518],[86.6950393,27.9492088],[86.6951166,27.9491544],[86.6952305,27.9490318],[86.6952606,27.9489669],[86.6952911,27.9488806]]]}},{"type":"Feature","properties":{"source":"https://www.openstreetmap.org/way/40201010","name":"Thonak Tsho / 4th Lake"},"geometry":{"type":"Polygon","coordinates":[[[86.6782778,27.9734119],[86.6767243,27.9733948],[86.6759219,27.9737533],[86.6751025,27.9739582],[86.6745562,27.9742143],[86.6746574,27.9750734],[86.6745405,27.9758576],[86.6749137,27.976305],[86.6753527,27.9766052],[86.6759744,27.9768636],[86.6772207,27.977344],[86.6787315,27.9776724],[86.6796094,27.9778055],[86.6803777,27.9779701],[86.6811289,27.9780896],[86.681863,27.9780896],[86.682492,27.9781211],[86.6830324,27.9781845],[86.683575,27.9781683],[86.6842116,27.9781827],[86.6850201,27.97798],[86.6853846,27.9774564],[86.6859271,27.9766681],[86.686182,27.9760299],[86.6862126,27.9757307],[86.6864772,27.9751849],[86.6866527,27.9747118],[86.6867941,27.9740122],[86.6871599,27.9734195],[86.687071,27.9727675],[86.6870649,27.9723168],[86.6867114,27.9719608],[86.6865236,27.9717559],[86.6862163,27.9717901],[86.6858407,27.9719266],[86.6850896,27.9720291],[86.6836214,27.9723705],[86.6832116,27.9724388],[86.6819654,27.9725412],[86.6816922,27.9726949],[86.6806167,27.9731558],[86.6800533,27.9732924],[86.6793022,27.9734119],[86.6789266,27.9734631],[86.6782778,27.9734119]]]}},{"type":"Feature","properties":{"source":"https://www.openstreetmap.org/way/40201011","name":"Ngozumpa Tsho"},"geometry":{"type":"Polygon","coordinates":[[[86.6816504,28.0087312],[86.6823433,28.0085358],[86.6829004,28.0083144],[86.6833725,28.0080679],[86.6839456,28.0080853],[86.6845523,28.0076894],[86.6844599,28.0073747],[86.6844786,28.0070093],[86.6844977,28.0068044],[86.6839385,28.0064489],[86.6835718,28.0058603],[86.683322,28.0056419],[86.6831368,28.0053586],[86.6833149,28.0049626],[86.6831581,28.0045592],[86.6832163,28.0041679],[86.6832068,28.0038258],[86.6831361,28.0034866],[86.6829587,28.0033929],[86.6830668,28.0031402],[86.6830605,28.002952],[86.6829714,28.0027751],[86.6828028,28.0028874],[86.6827329,28.0030026],[86.6827297,28.0031683],[86.6828855,28.0035586],[86.6825866,28.0036962],[86.6824275,28.0033227],[86.682485,28.0029318],[86.6823989,28.0027526],[86.6822347,28.0027403],[86.6821055,28.0029323],[86.6813589,28.0032132],[86.6808341,28.003831],[86.6798301,28.0050376],[86.6796649,28.005602],[86.6800565,28.0062661],[86.6806153,28.0067078],[86.6816226,28.0069369],[86.6818844,28.0073735],[86.6818694,28.0075741],[86.6817851,28.0078156],[86.6814946,28.0082386],[86.6816504,28.0087312]]]}},{"type":"Feature","properties":{"source":"https://www.openstreetmap.org/way/40201014","name":"Gyazumpa Tsho"},"geometry":{"type":"Polygon","coordinates":[[[86.6820464,28.0231649],[86.6823687,28.0234783],[86.682495,28.0236666],[86.6825255,28.0238589],[86.6826126,28.0240434],[86.6826976,28.0240761],[86.6829001,28.0240319],[86.6830591,28.0241146],[86.6833204,28.0243068],[86.6836274,28.0244529],[86.684039,28.0246163],[86.6841131,28.0247586],[86.6842176,28.0248181],[86.6842524,28.024797],[86.6842612,28.0247182],[86.6842808,28.0246125],[86.684333,28.0245432],[86.6844702,28.0245529],[86.6846836,28.0246951],[86.6847141,28.0248105],[86.6845944,28.0249854],[86.6843287,28.0251373],[86.6843287,28.0252507],[86.6844528,28.0253276],[86.6845813,28.0253333],[86.6847686,28.0252737],[86.684921,28.0252507],[86.6849907,28.025291],[86.6849624,28.0253949],[86.6849079,28.0255525],[86.6849428,28.0256448],[86.6848927,28.0257255],[86.6847272,28.0258293],[86.6845334,28.0259331],[86.6844441,28.0260119],[86.6843853,28.0260119],[86.6842873,28.0259735],[86.6841414,28.0259389],[86.6839476,28.0259792],[86.6838953,28.0260831],[86.6839193,28.0262119],[86.6838387,28.0263829],[86.6837189,28.0264099],[86.6835839,28.0264252],[86.6835186,28.0264848],[86.6834467,28.0266309],[86.683303,28.0267174],[86.6829262,28.0268328],[86.6826627,28.0268693],[86.6825299,28.0268155],[86.6824733,28.0266732],[86.6824101,28.0264464],[86.682299,28.0263695],[86.6820704,28.0264079],[86.6818003,28.026529],[86.6816033,28.0266023],[86.6814066,28.0266189],[86.6811937,28.0266186],[86.6810184,28.0265525],[86.6809905,28.0264637],[86.6810521,28.026325],[86.6811106,28.026234],[86.6812309,28.0261226],[86.6813455,28.0260841],[86.6814705,28.0259959],[86.6814889,28.0259108],[86.6814892,28.0258469],[86.6814374,28.0257652],[86.6813402,28.0256146],[86.681336,28.0255146],[86.6812787,28.0254496],[86.6811551,28.0253873],[86.6809595,28.0254321],[86.6807998,28.0253814],[86.6805588,28.0251949],[86.6805709,28.0248664],[86.6807275,28.0246933],[86.6809674,28.0245282],[86.6810656,28.0244417],[86.6811693,28.0243388],[86.6812709,28.0242591],[86.6813658,28.0241867],[86.6813828,28.0241512],[86.6813656,28.0240914],[86.6812824,28.0240873],[86.681056,28.024177],[86.6808004,28.0242382],[86.6805276,28.0242448],[86.6803377,28.0240926],[86.6803504,28.0238735],[86.6804325,28.0237425],[86.6804691,28.0234684],[86.6806725,28.0233984],[86.6809143,28.0235052],[86.6810114,28.0235952],[86.6810884,28.0236197],[86.6810822,28.0235838],[86.6811008,28.0235591],[86.6810694,28.0234608],[86.68099,28.0233161],[86.6811112,28.0231464],[86.6811542,28.023071],[86.681264,28.0229659],[86.6814111,28.0228896],[86.6815158,28.0228114],[86.6816058,28.0228109],[86.6817551,28.0228082],[86.6818645,28.0228177],[86.6819199,28.0228571],[86.6819245,28.0229346],[86.681923,28.0230162],[86.6819553,28.0230896],[86.6820464,28.0231649]]]}},{"type":"Feature","properties":{"source":"https://www.openstreetmap.org/way/76673279","name":"Rajakunda"},"geometry":{"type":"Polygon","coordinates":[[[85.3978335,28.0526118],[85.3973991,28.0531116],[85.3970182,28.0531305],[85.3967856,28.0533403],[85.3966641,28.0541105],[85.3961732,28.0545581],[85.396176,28.0549674],[85.3961634,28.0553856],[85.3966641,28.0553508],[85.3969806,28.0551236],[85.3975668,28.0548167],[85.398778,28.0540267],[85.398944,28.0539448],[85.3989333,28.0534856],[85.3992666,28.0530004],[85.3992069,28.0525293],[85.3990413,28.0520747],[85.398649,28.0519896],[85.3982466,28.0520038],[85.3978335,28.0526118]]]}},{"type":"Feature","properties":{"source":"https://www.openstreetmap.org/way/76673282","name":"Suryakunda"},"geometry":{"type":"Polygon","coordinates":[[[85.4275575,28.0712974],[85.4271281,28.0720031],[85.427293,28.0726121],[85.427719,28.0731043],[85.4280237,28.0731848],[85.4283351,28.0730383],[85.42851,28.0727802],[85.4286019,28.0724748],[85.4287143,28.0716848],[85.4289681,28.0710423],[85.428607,28.0705767],[85.4281586,28.0703275],[85.4275363,28.0707519],[85.4275575,28.0712974]]]}},{"type":"Feature","properties":{"source":"https://www.openstreetmap.org/way/76673285","name":"Naukunda"},"geometry":{"type":"Polygon","coordinates":[[[85.3951138,28.0482211],[85.395028,28.048614],[85.3935152,28.0502379],[85.3934401,28.0509054],[85.3931075,28.0519233],[85.3934455,28.0520937],[85.3935903,28.052089],[85.3939068,28.0516819],[85.3945398,28.0509433],[85.3954571,28.0502995],[85.396479,28.0496167],[85.3968036,28.0485998],[85.3968412,28.0483394],[85.3968465,28.0478991],[85.3966897,28.0475717],[85.3965944,28.0472884],[85.3964263,28.0469675],[85.3959131,28.0471558],[85.3957146,28.0472884],[85.3956342,28.0476624],[85.3953338,28.0480175],[85.3951138,28.0482211]]]}},{"type":"Feature","properties":{"source":"https://www.openstreetmap.org/way/76673290","name":"Ganesh Kund"},"geometry":{"type":"Polygon","coordinates":[[[85.467725,28.1256621],[85.4673489,28.1255029],[85.4670931,28.1255295],[85.4668374,28.1254631],[85.4668525,28.1252376],[85.4668675,28.1248263],[85.4668675,28.1243752],[85.4668073,28.124017],[85.4668374,28.123473],[85.4671533,28.1231148],[85.4679055,28.1228362],[85.4686125,28.1230352],[85.4692293,28.1232608],[85.4695753,28.1234863],[85.4699213,28.1236853],[85.4701319,28.1240435],[85.4702523,28.1244681],[85.4703275,28.1248926],[85.4705682,28.1252243],[85.4707788,28.1254366],[85.4712151,28.1258081],[85.4712301,28.1261397],[85.4710496,28.1264449],[85.4706885,28.1265112],[85.4700718,28.1264051],[85.4696505,28.1263918],[85.4691842,28.1263255],[85.4685674,28.1260999],[85.467725,28.1256621]]]}},{"type":"Feature","properties":{"source":"https://www.openstreetmap.org/way/76673291","name":"Aama kunda"},"geometry":{"type":"Polygon","coordinates":[[[85.4220009,28.0655025],[85.4221943,28.0665448],[85.422231,28.0669297],[85.4223382,28.0670386],[85.4226912,28.0671965],[85.4227245,28.0672895],[85.4229337,28.0673983],[85.4232516,28.0675092],[85.4234111,28.0673131],[85.423454,28.0669108],[85.4235318,28.0665589],[85.423556,28.0661061],[85.4236065,28.0655554],[85.4234004,28.0650173],[85.423101,28.0646079],[85.4228371,28.064473],[85.422497,28.0643986],[85.4221666,28.0646339],[85.4220872,28.0648744],[85.4220009,28.0655025]]]}},{"type":"Feature","properties":{"source":"https://www.openstreetmap.org/way/161909543","name":"Kicho Tal (Ice Lake)"},"geometry":{"type":"Polygon","coordinates":[[[84.0614279,28.6809615],[84.0610241,28.6808499],[84.0607423,28.6805533],[84.0604542,28.6804434],[84.0603791,28.6802182],[84.0602664,28.679993],[84.0602539,28.6790481],[84.0603353,28.6789107],[84.0604855,28.6788448],[84.0606108,28.678691],[84.0606797,28.6785482],[84.060745,28.6785207],[84.0612996,28.6785701],[84.0619132,28.6792349],[84.0624893,28.6797567],[84.0625832,28.6798721],[84.0625957,28.6802676],[84.0623537,28.6806888],[84.06222,28.6809214],[84.0617254,28.6807511],[84.0616064,28.6807895],[84.0614279,28.6809615]]]}},{"type":"Feature","properties":{"source":"https://www.openstreetmap.org/way/214404974","name":"Moon Lake"},"geometry":{"type":"Polygon","coordinates":[[[83.9184288,28.7134621],[83.9178496,28.7130511],[83.9177936,28.7123038],[83.9178123,28.7117246],[83.9183914,28.7113883],[83.9192321,28.7108465],[83.9196805,28.7105103],[83.9206707,28.7108839],[83.9220345,28.7112576],[83.9224082,28.7115565],[83.9228939,28.7119488],[83.922926,28.7120291],[83.9231929,28.7126961],[83.9231742,28.7134808],[83.9228192,28.7136303],[83.9225016,28.712939],[83.9213059,28.712584],[83.9207081,28.7124719],[83.9200168,28.7124719],[83.9195498,28.7131071],[83.9195498,28.7134061],[83.918709,28.7135555],[83.9184288,28.7134621]]]}},{"type":"Feature","properties":{"source":"https://www.openstreetmap.org/way/243513476","name":"Dona Lake"},"geometry":{"type":"Polygon","coordinates":[[[84.4816956,28.4902235],[84.4817412,28.4901222],[84.4817787,28.4900797],[84.4818109,28.4900621],[84.4818324,28.4900196],[84.4818445,28.4899595],[84.4818619,28.4899241],[84.481937,28.4898475],[84.4819491,28.4898039],[84.4819812,28.4897367],[84.4819933,28.4896589],[84.4820631,28.4895646],[84.4820885,28.4894562],[84.4821583,28.4893289],[84.4822025,28.4892629],[84.4822414,28.4891839],[84.4823246,28.4890319],[84.4823702,28.4889682],[84.482405,28.4889293],[84.4824573,28.4888786],[84.4824828,28.4888197],[84.4824935,28.4887773],[84.4825284,28.4887171],[84.482566,28.4886889],[84.4825888,28.4886783],[84.4826129,28.4886511],[84.4826142,28.4886252],[84.4825861,28.4885781],[84.4825687,28.488525],[84.4825687,28.4884625],[84.4825914,28.4884178],[84.4826183,28.4883848],[84.4826867,28.4883211],[84.4827738,28.488215],[84.4828637,28.4880948],[84.4829267,28.4880276],[84.4831038,28.4878225],[84.4832017,28.4876976],[84.4832486,28.4876268],[84.4833224,28.4875479],[84.4834739,28.4874029],[84.4835235,28.4873404],[84.4835597,28.4873003],[84.4836415,28.487232],[84.4836764,28.4871883],[84.4837153,28.4871164],[84.4837515,28.4870575],[84.4838373,28.4869385],[84.4838856,28.486876],[84.4839446,28.4868088],[84.4840237,28.4867004],[84.4840653,28.4866674],[84.4841351,28.4865789],[84.4842048,28.4865235],[84.484296,28.4864281],[84.4843832,28.4862925],[84.4845025,28.486144],[84.4845951,28.486052],[84.484642,28.4859955],[84.4846903,28.4859542],[84.4847412,28.4859236],[84.4847962,28.4858788],[84.4848861,28.4857562],[84.4849317,28.485709],[84.4849625,28.4856701],[84.4849813,28.485636],[84.484992,28.48559],[84.4850175,28.4855464],[84.4850685,28.4854756],[84.4851033,28.4854426],[84.4851503,28.4854191],[84.4851999,28.4853896],[84.4852361,28.4853483],[84.4853179,28.4852423],[84.4853434,28.4852316],[84.4853877,28.4852257],[84.4854225,28.4851916],[84.4854252,28.4851527],[84.4854386,28.4851102],[84.4854735,28.4850489],[84.4855191,28.4850018],[84.4855566,28.4849688],[84.4856384,28.4848603],[84.4856894,28.4848214],[84.4857739,28.4847224],[84.4859362,28.4845539],[84.4859777,28.4844973],[84.4860099,28.4844713],[84.4860394,28.484469],[84.4860703,28.4844572],[84.4860917,28.4844419],[84.4861172,28.4844053],[84.4861333,28.4843535],[84.4861615,28.4843311],[84.4861963,28.4842768],[84.4862165,28.4842297],[84.4862446,28.4841802],[84.4862942,28.4841366],[84.4864015,28.4840093],[84.4864377,28.4839751],[84.4865061,28.4839374],[84.486537,28.4839103],[84.4865906,28.4838348],[84.4866268,28.4837688],[84.4866617,28.4837382],[84.4867033,28.4836698],[84.4867153,28.4836344],[84.4867435,28.483605],[84.4868065,28.4835613],[84.4868347,28.483533],[84.4868548,28.4834859],[84.4868629,28.4834317],[84.4868749,28.4834069],[84.4869138,28.483335],[84.4869862,28.4832372],[84.4871324,28.4830757],[84.4872048,28.4830109],[84.4873202,28.4828965],[84.4873604,28.482867],[84.4875562,28.4827586],[84.487626,28.4826926],[84.4876622,28.4826419],[84.487689,28.4825865],[84.4877373,28.4825181],[84.4878097,28.482438],[84.4878486,28.4823896],[84.4878875,28.4823507],[84.4879183,28.4823319],[84.4879599,28.4823118],[84.4879934,28.4823048],[84.4880162,28.4823048],[84.4880766,28.4822965],[84.4881517,28.4822611],[84.4882067,28.4822093],[84.4882362,28.4821704],[84.488275,28.4821409],[84.4883354,28.4821114],[84.4883662,28.4820902],[84.4883931,28.4820407],[84.4884051,28.48199],[84.4884346,28.4819653],[84.4884601,28.4819334],[84.4885138,28.4818427],[84.488554,28.4818014],[84.4886278,28.4817366],[84.4886881,28.4816883],[84.4887377,28.48166],[84.4887967,28.4816069],[84.4888785,28.4815421],[84.4889241,28.4815103],[84.4889818,28.4814737],[84.4890395,28.4814513],[84.4890998,28.481416],[84.4892541,28.4813193],[84.4894955,28.4811814],[84.4895598,28.4811342],[84.489596,28.4810894],[84.4896309,28.4810576],[84.4896698,28.4810281],[84.4897194,28.4809716],[84.4897932,28.4809209],[84.489816,28.4808914],[84.4898669,28.4808101],[84.4899166,28.4807594],[84.4899501,28.4807381],[84.4899876,28.4807181],[84.4900627,28.4806969],[84.4901218,28.4806757],[84.490162,28.4806486],[84.4902062,28.4806262],[84.4902733,28.4805967],[84.4903283,28.4805825],[84.4903631,28.4805649],[84.4903953,28.4805413],[84.4904637,28.4804682],[84.4906126,28.480368],[84.4906555,28.4803433],[84.4907132,28.4803161],[84.4908178,28.4802796],[84.490913,28.480236],[84.4909318,28.48021],[84.4909452,28.4801629],[84.4909613,28.4801535],[84.491023,28.4801464],[84.4910699,28.4801546],[84.4910994,28.4801629],[84.4911571,28.4801617],[84.4911893,28.480144],[84.4912335,28.4801087],[84.4912617,28.4800816],[84.4913059,28.4800497],[84.4913408,28.480032],[84.4914012,28.4800085],[84.4915219,28.4799542],[84.4915688,28.4799519],[84.491664,28.4799413],[84.4917807,28.4799153],[84.4918397,28.4799153],[84.4919041,28.4799094],[84.4919591,28.4798871],[84.4920409,28.4798352],[84.4920972,28.4798116],[84.4921508,28.4797986],[84.4922179,28.4797975],[84.4923131,28.4798057],[84.4924057,28.4798022],[84.492462,28.4797892],[84.4926243,28.4797102],[84.4926819,28.4796902],[84.492749,28.4796784],[84.4928281,28.4796819],[84.4929408,28.4796819],[84.493048,28.4796607],[84.4931419,28.4796595],[84.4931701,28.4796513],[84.4932184,28.4796195],[84.4932425,28.4796171],[84.4932559,28.4796265],[84.4932707,28.479643],[84.4932988,28.4796478],[84.4933203,28.4796419],[84.493323,28.4796136],[84.4933042,28.4795912],[84.4933082,28.479577],[84.4933458,28.4795664],[84.4934276,28.4795617],[84.4936153,28.4795428],[84.4937119,28.4795157],[84.4938447,28.4794674],[84.4939265,28.4794639],[84.4939949,28.4794874],[84.4940418,28.4795145],[84.4940834,28.479524],[84.4942255,28.4795393],[84.4942524,28.4795511],[84.4942765,28.4795841],[84.4943047,28.4796654],[84.4943073,28.4797043],[84.4943328,28.4797621],[84.4944066,28.479867],[84.4944321,28.4798894],[84.4944482,28.4799153],[84.4944642,28.4799849],[84.4944844,28.4800309],[84.4945072,28.4800521],[84.4945447,28.4800757],[84.4945689,28.4801075],[84.4945782,28.4801299],[84.4945796,28.4801499],[84.4945849,28.4801688],[84.4946145,28.4801888],[84.4946265,28.4802077],[84.4946305,28.4802419],[84.4946265,28.4802737],[84.4946265,28.4803209],[84.4946332,28.4803763],[84.494656,28.4804222],[84.4946922,28.4804434],[84.4947392,28.4804918],[84.4947714,28.480513],[84.4948183,28.480526],[84.4948411,28.4805507],[84.4948505,28.480625],[84.4948183,28.4807146],[84.4948317,28.4807393],[84.4948491,28.4807499],[84.4948961,28.4807511],[84.4949578,28.4807417],[84.4950543,28.480711],[84.495112,28.4806886],[84.4951965,28.4806356],[84.4952515,28.4805884],[84.4953199,28.4805578],[84.4953829,28.480546],[84.4954312,28.480559],[84.4954701,28.4805814],[84.4955841,28.4806651],[84.4956337,28.4807158],[84.4956712,28.4807629],[84.4957249,28.4808383],[84.4957624,28.4808831],[84.4957973,28.4809409],[84.4958054,28.4810022],[84.4957893,28.4810682],[84.4956887,28.4811896],[84.4956431,28.4812262],[84.4955935,28.4812568],[84.4954352,28.4813016],[84.4953105,28.4813217],[84.4952595,28.4813405],[84.4952287,28.481357],[84.4952086,28.481383],[84.4952139,28.4814136],[84.4952475,28.481449],[84.4952971,28.4814702],[84.4953346,28.4814902],[84.4953775,28.4815232],[84.4953856,28.4815751],[84.4953655,28.481627],[84.4953494,28.4816588],[84.4953386,28.4817036],[84.4953024,28.4817413],[84.4952703,28.4817684],[84.4952287,28.4817873],[84.4951538,28.4818125],[84.4950744,28.4818297],[84.4949886,28.4818356],[84.4949162,28.4818651],[84.4948451,28.4819099],[84.4947807,28.4819723],[84.4947311,28.4820006],[84.4946802,28.4820136],[84.4946386,28.4820136],[84.4945957,28.4820313],[84.4945514,28.4820336],[84.4944535,28.4820666],[84.4944213,28.4820643],[84.4943744,28.4820549],[84.4943342,28.4820584],[84.4942886,28.4820808],[84.4942135,28.4820973],[84.4941545,28.4821032],[84.494082,28.4821044],[84.4940405,28.4821185],[84.4940136,28.4821315],[84.4939734,28.4821598],[84.4939224,28.4821881],[84.4938755,28.4822081],[84.4938044,28.4822317],[84.4936958,28.4822364],[84.4934624,28.4822718],[84.4933739,28.4822894],[84.4933109,28.4822942],[84.4931996,28.4823472],[84.49315,28.4823873],[84.4930722,28.4824757],[84.4930293,28.482504],[84.4929005,28.4825582],[84.4928402,28.4825983],[84.4927154,28.4826997],[84.4926564,28.4827668],[84.4925344,28.4828399],[84.4924633,28.4828765],[84.4923896,28.4829],[84.4923292,28.4829154],[84.4921857,28.4829684],[84.49212,28.4830038],[84.4920784,28.4830321],[84.4920073,28.4830651],[84.4919631,28.4830674],[84.4919242,28.4830792],[84.4918799,28.483104],[84.4918464,28.4831323],[84.4918156,28.48317],[84.4917901,28.4831936],[84.4917378,28.4832207],[84.4916278,28.4833138],[84.4915849,28.4833704],[84.4915111,28.4835024],[84.4914293,28.4836014],[84.4913703,28.4836391],[84.4913314,28.4836509],[84.4912966,28.4836486],[84.4912496,28.4836545],[84.4912188,28.4836686],[84.4911665,28.4837393],[84.4910927,28.4837995],[84.4909532,28.4839444],[84.4909318,28.4839892],[84.4909009,28.4840281],[84.4908674,28.48406],[84.4908071,28.4841036],[84.4907762,28.4841401],[84.490748,28.4841873],[84.4907051,28.4842462],[84.4906797,28.4843134],[84.4906703,28.4843735],[84.4906649,28.4844454],[84.4906542,28.4845067],[84.4906193,28.4845668],[84.4905871,28.4846104],[84.4905375,28.4846458],[84.4904879,28.4846764],[84.4904007,28.4847484],[84.4903658,28.4847837],[84.4901204,28.4850867],[84.4900386,28.4852022],[84.4899018,28.485379],[84.4897771,28.4855652],[84.4896966,28.4857338],[84.4896497,28.4858222],[84.4895424,28.4859731],[84.489415,28.486144],[84.4893801,28.4861864],[84.4893506,28.4862147],[84.4892876,28.4862524],[84.4892393,28.486296],[84.4892044,28.4863491],[84.489187,28.4864068],[84.4891776,28.4864599],[84.4891414,28.486533],[84.4890301,28.4867334],[84.4889899,28.486764],[84.4889094,28.486797],[84.4888718,28.4868277],[84.4888477,28.4868724],[84.4888303,28.487061],[84.4888102,28.4871117],[84.4887874,28.4871518],[84.4887565,28.487186],[84.4886734,28.4872355],[84.4885875,28.4872921],[84.488562,28.4873251],[84.4885433,28.4873699],[84.4884749,28.4874465],[84.4884159,28.4875325],[84.4883823,28.4875644],[84.4883287,28.4875879],[84.4882885,28.4876209],[84.488263,28.4876575],[84.4882402,28.4877624],[84.4881919,28.4878237],[84.4881409,28.4878543],[84.4881034,28.4878826],[84.4880672,28.4879227],[84.4879961,28.4880205],[84.4879505,28.4880547],[84.4878928,28.4880901],[84.4878177,28.4881219],[84.4877507,28.4881384],[84.4876836,28.488182],[84.4876501,28.4881997],[84.4875965,28.4882209],[84.4875616,28.4882457],[84.4875388,28.4882775],[84.487516,28.4883187],[84.4874878,28.4883506],[84.4874167,28.4884142],[84.4873175,28.4885451],[84.4872263,28.4886382],[84.4871713,28.4886889],[84.4871056,28.4887667],[84.4870694,28.4888162],[84.4870292,28.4888433],[84.4870211,28.4888692],[84.4870198,28.4888904],[84.4870064,28.4889128],[84.4869769,28.4889293],[84.4869474,28.4889517],[84.4869179,28.4889883],[84.4868816,28.4890437],[84.4868521,28.4891014],[84.4868052,28.4892252],[84.4866939,28.4894055],[84.4866697,28.4894656],[84.486663,28.4895045],[84.4866376,28.4895682],[84.4866242,28.489613],[84.4865705,28.4897179],[84.4865678,28.4897579],[84.4865517,28.4898181],[84.4865343,28.4898511],[84.4865102,28.4898782],[84.48649,28.4899253],[84.4864914,28.4900196],[84.4864874,28.4900786],[84.4864753,28.4901281],[84.4864283,28.4902742],[84.4864042,28.4903603],[84.4863653,28.4904439],[84.4863385,28.4905536],[84.4863197,28.4905948],[84.4863197,28.4906738],[84.4863144,28.4907174],[84.4862902,28.4907634],[84.4862553,28.4908093],[84.4862285,28.4908518],[84.4862111,28.4908883],[84.4862017,28.490959],[84.4861682,28.4909991],[84.486132,28.4910085],[84.4861092,28.4910262],[84.4860877,28.4910569],[84.486081,28.4911264],[84.4860636,28.4911688],[84.4860005,28.4912384],[84.4859643,28.491302],[84.4859616,28.4913563],[84.4859429,28.4914329],[84.4858718,28.4915602],[84.4858316,28.4916215],[84.4858289,28.4916827],[84.4858021,28.4917605],[84.4857672,28.4917935],[84.485676,28.4919326],[84.4856626,28.4919986],[84.4856545,28.4920623],[84.4856009,28.4921613],[84.485507,28.4922579],[84.4855016,28.4923876],[84.4854775,28.4924371],[84.4854292,28.4924842],[84.4853809,28.4925149],[84.48533,28.4925668],[84.4853032,28.492628],[84.485271,28.4926893],[84.4852012,28.4928048],[84.4851583,28.4928826],[84.4851208,28.4929369],[84.4850644,28.4929911],[84.4850188,28.4930571],[84.484874,28.4932999],[84.4848284,28.49334],[84.4847855,28.4933635],[84.4847372,28.4933847],[84.4846782,28.4934248],[84.4846621,28.493472],[84.4846541,28.4935191],[84.4846112,28.4935875],[84.4845441,28.4936346],[84.4844824,28.4936936],[84.4844422,28.4937548],[84.4843537,28.4939128],[84.4842314,28.494041],[84.484174,28.4941462],[84.4841337,28.4941862],[84.4840613,28.494297],[84.4840157,28.4943442],[84.4839594,28.4944125],[84.4839165,28.4944856],[84.4838762,28.4945634],[84.4838333,28.49462],[84.4837958,28.4946577],[84.4837475,28.4947213],[84.4837153,28.4947803],[84.4836697,28.4948463],[84.4836241,28.4949005],[84.4835785,28.4950207],[84.4835383,28.4950702],[84.4834954,28.4951126],[84.483439,28.495181],[84.4833854,28.4952612],[84.4832727,28.4953696],[84.4832084,28.4954144],[84.4831306,28.4955275],[84.4830501,28.4956242],[84.4830072,28.4956878],[84.4829857,28.4957774],[84.4829804,28.4958528],[84.4829696,28.4959165],[84.4829401,28.4959754],[84.4828838,28.4960391],[84.4828382,28.4960721],[84.4827658,28.4960886],[84.4827148,28.4961192],[84.482637,28.4962017],[84.4824949,28.4963856],[84.4824064,28.4964846],[84.4823259,28.4965624],[84.4822615,28.4966449],[84.4821435,28.4967674],[84.4820791,28.4968617],[84.4819826,28.4969796],[84.4819048,28.4971187],[84.4818673,28.4972177],[84.4817761,28.4973426],[84.4817197,28.4974133],[84.4816044,28.4975123],[84.4815534,28.4975524],[84.4814542,28.4976137],[84.4813308,28.497741],[84.4812423,28.4977905],[84.4811511,28.4978518],[84.4810814,28.4979296],[84.4810089,28.4979861],[84.4808507,28.4980922],[84.4806549,28.4982619],[84.4806093,28.4983232],[84.480561,28.4983798],[84.4804805,28.4984316],[84.4804108,28.4984529],[84.4803464,28.4984552],[84.4802821,28.4984529],[84.4802087,28.4984214],[84.480156,28.4983774],[84.480164,28.4983374],[84.4802043,28.4982831],[84.4802231,28.4982384],[84.4802365,28.4981724],[84.4802231,28.4980946],[84.4801936,28.4980568],[84.4801292,28.4980191],[84.4800594,28.4980073],[84.4799897,28.4980073],[84.4797644,28.4980427],[84.4796625,28.4980356],[84.4795659,28.498005],[84.4794828,28.4979861],[84.4793567,28.4979791],[84.4792736,28.4979531],[84.4791797,28.4979178],[84.4790429,28.4978966],[84.4789839,28.4978612],[84.4789222,28.4978164],[84.4788551,28.4977457],[84.4788283,28.4977009],[84.4787961,28.4976561],[84.4787505,28.497609],[84.4787076,28.4975854],[84.478658,28.4975229],[84.4786352,28.4975088],[84.4785815,28.4974935],[84.4785306,28.4974911],[84.4784729,28.4974723],[84.4784166,28.4974699],[84.4783723,28.4974911],[84.4783401,28.4975147],[84.4782624,28.4976113],[84.4781886,28.4977174],[84.4781712,28.4977752],[84.4781671,28.4978164],[84.4781524,28.4978541],[84.4781376,28.4979496],[84.4781229,28.497992],[84.4780961,28.4980274],[84.4780612,28.4980557],[84.478029,28.4980969],[84.4780089,28.4981382],[84.4779941,28.4981853],[84.47797,28.4982254],[84.4779445,28.4982501],[84.4778922,28.4982796],[84.4778506,28.498282],[84.4778144,28.4982666],[84.477801,28.4982407],[84.4778024,28.4982077],[84.4778198,28.4981629],[84.477856,28.4980969],[84.4779338,28.4980109],[84.4779727,28.4979272],[84.4779995,28.4978777],[84.478021,28.49784],[84.4780827,28.4977469],[84.4781202,28.4977044],[84.4781819,28.4976538],[84.478202,28.4976302],[84.4782194,28.4975854],[84.4782262,28.4975442],[84.4782329,28.4974982],[84.4782329,28.4974239],[84.4782811,28.4973096],[84.4783173,28.4972424],[84.4783495,28.4972],[84.4783603,28.4971694],[84.4783656,28.4971175],[84.478367,28.4970173],[84.4783844,28.4969372],[84.4784273,28.4968735],[84.4784568,28.4968523],[84.4785386,28.4967545],[84.4785655,28.4966955],[84.4786151,28.4965211],[84.4786325,28.4964728],[84.4786459,28.4963537],[84.4786593,28.4963113],[84.4786821,28.496276],[84.4786996,28.4962253],[84.4787103,28.4961333],[84.4787532,28.496052],[84.478772,28.4960013],[84.4787921,28.4959035],[84.4788377,28.4958128],[84.4788766,28.4957585],[84.4789155,28.4956949],[84.4789544,28.4956206],[84.4790027,28.495524],[84.4790536,28.495392],[84.4790804,28.4953389],[84.4791435,28.495227],[84.4791864,28.4951739],[84.4792776,28.4950242],[84.47946,28.4946742],[84.4795096,28.4945375],[84.4795471,28.4944502],[84.4796088,28.4943336],[84.4796544,28.4941921],[84.4796759,28.4941002],[84.4796839,28.4940306],[84.4797403,28.4938645],[84.4797765,28.4937737],[84.4798382,28.4936547],[84.4799213,28.4934555],[84.4799562,28.4933859],[84.4800299,28.4932563],[84.4800648,28.493169],[84.480097,28.4931101],[84.4801158,28.4930524],[84.4801399,28.493004],[84.4801775,28.4929463],[84.4802204,28.492898],[84.4802512,28.4928378],[84.480274,28.4927329],[84.4802888,28.4926882],[84.4803424,28.4926221],[84.4803773,28.4925891],[84.4804269,28.4925184],[84.4804806,28.4924182],[84.4805074,28.4923393],[84.4805449,28.4922733],[84.4805731,28.4922438],[84.4806401,28.4921896],[84.4807032,28.4920965],[84.4807541,28.4920293],[84.4807903,28.4919668],[84.4808185,28.4919256],[84.4808748,28.4918537],[84.4809057,28.4918053],[84.4809365,28.4917452],[84.4809875,28.4916639],[84.4810358,28.4915943],[84.4810934,28.4914977],[84.4811283,28.4914234],[84.481186,28.4913468],[84.4812691,28.4911924],[84.4813804,28.491018],[84.4814099,28.4909437],[84.4814904,28.4907822],[84.4815253,28.4907186],[84.48154,28.4906585],[84.4815628,28.4905972],[84.4815883,28.4905665],[84.4816044,28.4905241],[84.4816178,28.490451],[84.4816326,28.4904027],[84.4816554,28.4903732],[84.4816782,28.4902754],[84.4816956,28.4902235]]]}},{"type":"Feature","properties":{"source":"https://www.openstreetmap.org/way/246684699","name":"Birendra Lake"},"geometry":{"type":"Polygon","coordinates":[[[84.6302712,28.5954214],[84.6305984,28.5954826],[84.630872,28.5955109],[84.6310705,28.5955627],[84.6312314,28.5956239],[84.6314406,28.595671],[84.631682,28.5956616],[84.6318269,28.5956428],[84.6319878,28.5956475],[84.6321326,28.5956805],[84.6323043,28.5957087],[84.632476,28.5957228],[84.6326154,28.5957464],[84.6327549,28.5957841],[84.6328515,28.5958312],[84.6330231,28.5958736],[84.6331304,28.5959065],[84.6333021,28.5959819],[84.6334147,28.5960573],[84.6335113,28.5961609],[84.6335623,28.5962998],[84.6335784,28.5963658],[84.6335752,28.5964968],[84.6335354,28.5965565],[84.6334657,28.5966319],[84.6334013,28.5966955],[84.6333423,28.5967802],[84.6333128,28.5968674],[84.6332511,28.5969686],[84.6331653,28.5971076],[84.6331385,28.5971947],[84.6331251,28.5973148],[84.6331331,28.5974561],[84.6332028,28.5976092],[84.6332511,28.597727],[84.6333262,28.5978447],[84.6333691,28.597953],[84.633404,28.5980614],[84.6334442,28.5981603],[84.6334577,28.5982733],[84.6334603,28.5984052],[84.633455,28.5984782],[84.6334174,28.5985347],[84.6333557,28.5985936],[84.6332779,28.5986383],[84.6332002,28.5986477],[84.6331197,28.5986477],[84.633007,28.5986383],[84.6328703,28.5986195],[84.6327415,28.5985959],[84.6325833,28.5985818],[84.632476,28.5985606],[84.6323714,28.5985324],[84.6322829,28.5984923],[84.6322185,28.5984617],[84.6321675,28.5984287],[84.632087,28.5983699],[84.6320093,28.5983204],[84.6319288,28.5982757],[84.6318483,28.5982191],[84.6317866,28.5981744],[84.6317062,28.5981226],[84.6316418,28.5980684],[84.6315506,28.5980025],[84.6314836,28.5979695],[84.6314031,28.5979271],[84.6313548,28.5979059],[84.6312556,28.5978753],[84.6311429,28.5978518],[84.6310276,28.5978423],[84.6308881,28.5978329],[84.6307808,28.597807],[84.6306977,28.5978],[84.6305367,28.5978023],[84.6304348,28.5978235],[84.6303704,28.5978565],[84.6303087,28.5978871],[84.6302175,28.5979059],[84.6301156,28.5979201],[84.630003,28.5979201],[84.6298876,28.5978989],[84.629834,28.5978706],[84.6297669,28.5978329],[84.6296918,28.5977858],[84.6295658,28.5977317],[84.6294343,28.5976704],[84.6292922,28.5976398],[84.6291071,28.5975974],[84.6288872,28.5975456],[84.6286243,28.5975032],[84.6284795,28.5974585],[84.6282837,28.5974255],[84.6281442,28.5973925],[84.6279538,28.5973855],[84.6278331,28.5973878],[84.627656,28.5973761],[84.6274978,28.5973737],[84.6273449,28.5973666],[84.6271571,28.5973643],[84.6270418,28.5973502],[84.6268728,28.5973195],[84.6266368,28.5972724],[84.6264893,28.5972324],[84.6263203,28.5971688],[84.6261057,28.597084],[84.6260199,28.5970464],[84.6259421,28.5970087],[84.625816,28.5969427],[84.6257007,28.5968721],[84.6256095,28.5968061],[84.6255049,28.5967049],[84.6254513,28.5966295],[84.625352,28.5965165],[84.6252581,28.5964199],[84.6252099,28.5963516],[84.6251562,28.5962551],[84.6251053,28.5961915],[84.6250087,28.5961255],[84.6248987,28.5960549],[84.6248049,28.5959842],[84.624711,28.595923],[84.6246412,28.5958853],[84.6245795,28.5958359],[84.6245179,28.5957958],[84.6244642,28.5957252],[84.6243945,28.5956498],[84.6243542,28.595591],[84.6243167,28.5955344],[84.6242255,28.5954873],[84.6241316,28.5954614],[84.6240056,28.5954497],[84.6239117,28.5954426],[84.6238446,28.5954214],[84.6237507,28.5953719],[84.6235979,28.5952824],[84.6235254,28.5952306],[84.6234423,28.5951718],[84.6234047,28.5951435],[84.6233484,28.5950705],[84.6233001,28.5950187],[84.6232492,28.5949786],[84.6231848,28.5949339],[84.6231365,28.5948821],[84.6231124,28.5948444],[84.623099,28.5947973],[84.6230909,28.5947479],[84.6230936,28.5946819],[84.6231057,28.5946016],[84.6231177,28.5945524],[84.6231312,28.5944511],[84.6231365,28.5943899],[84.6231472,28.5942533],[84.6231499,28.5941402],[84.6231472,28.594072],[84.6231553,28.5939989],[84.6231553,28.5939259],[84.6231553,28.5938553],[84.623166,28.5937846],[84.6231794,28.5937305],[84.623166,28.5936056],[84.6231687,28.5935256],[84.6231955,28.5934337],[84.6232492,28.5933843],[84.6233028,28.5933631],[84.6233511,28.5933183],[84.623386,28.5932194],[84.6234342,28.5930027],[84.623453,28.5929392],[84.623512,28.5928661],[84.6235737,28.592845],[84.623673,28.592845],[84.6237963,28.5928355],[84.6239439,28.5928167],[84.6240807,28.5928096],[84.6241933,28.5928167],[84.6243381,28.592845],[84.6244454,28.5928826],[84.6245742,28.5929368],[84.6246922,28.5929886],[84.624829,28.5930451],[84.6249577,28.5930969],[84.6250945,28.5931959],[84.6251589,28.5932736],[84.6252555,28.5933984],[84.6253467,28.5935256],[84.6254083,28.5935986],[84.6255666,28.5937446],[84.6256793,28.5938152],[84.625867,28.5939118],[84.626044,28.5939636],[84.626205,28.5939777],[84.6263605,28.5939636],[84.6264383,28.5939165],[84.6265295,28.5938765],[84.6266073,28.59386],[84.6267468,28.5938506],[84.6268782,28.5938765],[84.6270525,28.5939095],[84.6271974,28.5939566],[84.6273851,28.5940319],[84.6275085,28.5940837],[84.6276239,28.5941426],[84.6277633,28.594225],[84.6278572,28.594291],[84.6279752,28.5943663],[84.6280906,28.5944205],[84.6281603,28.5944723],[84.6282515,28.5945406],[84.6283185,28.5945901],[84.6284017,28.5946277],[84.6285009,28.5946654],[84.6286029,28.594696],[84.6287128,28.5947384],[84.6288711,28.594795],[84.6290562,28.5948421],[84.6292171,28.594868],[84.6294075,28.5949198],[84.6295792,28.5949904],[84.6297428,28.5950917],[84.6298823,28.5951906],[84.630011,28.5952872],[84.6301854,28.5953814],[84.6302712,28.5954214]]]}},{"type":"Feature","properties":{"source":"https://www.openstreetmap.org/way/251433699","name":"Dowo Tso"},"geometry":{"type":"Polygon","coordinates":[[[86.8442922,27.8850532],[86.8441873,27.8852243],[86.843787,27.8856565],[86.8435284,27.8861995],[86.8436019,27.8867652],[86.8437428,27.8868891],[86.8439987,27.8869758],[86.8440594,27.8872553],[86.8440327,27.8875235],[86.8440515,27.8878793],[86.8440798,27.8881638],[86.8442926,27.8885111],[86.8446557,27.8888546],[86.8448308,27.8890761],[86.8449371,27.8891378],[86.8451466,27.8894508],[86.8456332,27.889546],[86.8459137,27.8895641],[86.8462929,27.8895365],[86.846611,27.8894394],[86.8464628,27.8892685],[86.8460624,27.8890258],[86.8455094,27.8888617],[86.844868,27.8886578],[86.8445927,27.8884073],[86.8444296,27.8881853],[86.844273,27.887799],[86.8442828,27.8874963],[86.8442209,27.8870236],[86.8446416,27.8866198],[86.8449026,27.8861643],[86.8449808,27.8858703],[86.8450188,27.8856903],[86.8450159,27.8853158],[86.8449801,27.8850831],[86.8448282,27.884911],[86.8445338,27.885002],[86.8442922,27.8850532]]]}},{"type":"Feature","properties":{"source":"https://www.openstreetmap.org/way/262286117","name":"Upper Barun Glacial Lake"},"geometry":{"type":"Polygon","coordinates":[[[87.0794436,27.837342],[87.0794416,27.8373176],[87.0794241,27.8372914],[87.079368,27.8372861],[87.0793434,27.837269],[87.0793177,27.8372356],[87.0792738,27.8371834],[87.0792588,27.8372012],[87.0792544,27.8372262],[87.0792448,27.8372611],[87.0792122,27.8372766],[87.0791524,27.8372682],[87.0791346,27.8372503],[87.0791163,27.8372537],[87.0791122,27.8372717],[87.0790988,27.8372703],[87.0790961,27.8372546],[87.0790809,27.8372339],[87.0790728,27.8372116],[87.0790843,27.8371944],[87.0791003,27.8371861],[87.0791067,27.8371663],[87.0791543,27.8371552],[87.0791842,27.8371248],[87.0791875,27.8370877],[87.0790812,27.8370613],[87.079012,27.8370271],[87.0789187,27.8369877],[87.0788707,27.8370045],[87.0788227,27.8370056],[87.0787216,27.8370328],[87.0786501,27.8370149],[87.0785551,27.8370025],[87.0785003,27.8369605],[87.0784458,27.8369071],[87.0783578,27.8368489],[87.0783481,27.8368132],[87.0782991,27.8368058],[87.0783085,27.8368787],[87.0782102,27.8369937],[87.0781439,27.8370385],[87.0780682,27.8370336],[87.0779465,27.8369858],[87.077841,27.8368958],[87.077765,27.8368539],[87.077689,27.836838],[87.0776179,27.8368369],[87.0775575,27.8368388],[87.0775234,27.8368427],[87.07752,27.836847],[87.0775148,27.8368517],[87.0775141,27.8368735],[87.0775367,27.8369038],[87.0776046,27.8369515],[87.0776731,27.8369882],[87.0777783,27.8370587],[87.0777871,27.8371088],[87.0778223,27.8371934],[87.0777866,27.8372749],[87.077797,27.8373782],[87.0778322,27.8374816],[87.077903,27.8376016],[87.0778683,27.8377072],[87.0777681,27.8378447],[87.0777233,27.8379619],[87.0777245,27.8380354],[87.0777386,27.8381264],[87.0777881,27.8382018],[87.0777833,27.8383797],[87.0778255,27.8385236],[87.0778816,27.8386339],[87.0779881,27.8387082],[87.0781103,27.8388009],[87.0781985,27.8388981],[87.0782119,27.8389614],[87.0782518,27.8389648],[87.0783186,27.8390054],[87.0783375,27.8390565],[87.0783331,27.8390933],[87.0782843,27.8391078],[87.0782709,27.8391516],[87.0782836,27.8392687],[87.0782252,27.8392767],[87.0782203,27.8393306],[87.0782356,27.8393869],[87.0783247,27.8394739],[87.0783267,27.8393719],[87.078381,27.8394288],[87.0784386,27.8395866],[87.0785003,27.8396791],[87.0785072,27.8397521],[87.0785409,27.8398108],[87.0785333,27.8398737],[87.0785743,27.8399142],[87.0786108,27.8400141],[87.0786381,27.840106],[87.0786228,27.8401535],[87.0786461,27.8402495],[87.0786906,27.8403498],[87.0786954,27.8404479],[87.0787471,27.8405766],[87.078832,27.8407473],[87.0788772,27.8408915],[87.0790078,27.8409889],[87.0790644,27.8411014],[87.0790925,27.8412248],[87.0792277,27.8413609],[87.0794036,27.8414504],[87.0794227,27.8415396],[87.079515,27.8416109],[87.0795654,27.8416996],[87.079596,27.841915],[87.0795837,27.8421185],[87.079537,27.8422057],[87.0795466,27.8423665],[87.079594,27.8425149],[87.0795932,27.8426322],[87.07963,27.8427674],[87.07967,27.8428871],[87.0796762,27.8430222],[87.0797382,27.8431239],[87.0797443,27.8432563],[87.0797913,27.8433858],[87.0797968,27.8435966],[87.0798319,27.84376],[87.0798323,27.843954],[87.0797864,27.8442005],[87.079778,27.8443533],[87.0797846,27.8444583],[87.0798288,27.8445456],[87.0798272,27.8447152],[87.0798525,27.8448587],[87.0798723,27.8449701],[87.0798645,27.8450354],[87.079834,27.845097],[87.0798218,27.84525],[87.0798645,27.8454207],[87.079881,27.8456615],[87.0799176,27.8458193],[87.080015,27.8459119],[87.0800193,27.8459834],[87.0800494,27.8460197],[87.0800049,27.8460922],[87.0800046,27.8461803],[87.0800576,27.8462664],[87.0800372,27.846317],[87.0800524,27.8464081],[87.0800758,27.8464921],[87.080169,27.8465839],[87.0802563,27.8466368],[87.0803727,27.8466522],[87.0804649,27.8466794],[87.0805156,27.8467226],[87.0805494,27.8467556],[87.0806017,27.846775],[87.0806706,27.8467734],[87.080733,27.8467377],[87.0808007,27.846744],[87.0808238,27.8467782],[87.0807942,27.8468562],[87.0807956,27.8469151],[87.0808244,27.8469621],[87.0809313,27.8470533],[87.0810804,27.8471758],[87.0811572,27.8472444],[87.081225,27.847248],[87.0813414,27.8472133],[87.0813778,27.8472539],[87.0813701,27.8472859],[87.0813766,27.8473211],[87.08134,27.8473883],[87.0813067,27.8475509],[87.0813144,27.8476381],[87.0812732,27.847712],[87.0812632,27.847752],[87.0812815,27.8477858],[87.081421,27.8478663],[87.0814011,27.8479757],[87.0814055,27.8480561],[87.0813608,27.8481096],[87.0812016,27.848114],[87.0810938,27.8481722],[87.0810493,27.8483125],[87.0808302,27.8486071],[87.0807942,27.8487222],[87.0808151,27.84883],[87.0810455,27.8488101],[87.081182,27.8488197],[87.081321,27.848884],[87.0816232,27.8489858],[87.0819764,27.8490178],[87.0822971,27.8490641],[87.0828926,27.8491257],[87.0830526,27.8491241],[87.0832125,27.8491657],[87.0833132,27.8491231],[87.0833627,27.8491304],[87.0834078,27.8491127],[87.0834878,27.8491094],[87.0836888,27.8490669],[87.0838651,27.8490618],[87.0841625,27.8489045],[87.0843508,27.848716],[87.0844983,27.8485337],[87.0847198,27.8481766],[87.0847787,27.8479321],[87.084799,27.847768],[87.0848251,27.8476026],[87.0848371,27.8474793],[87.0848059,27.8473528],[87.0848325,27.8471112],[87.0848042,27.8469619],[87.0847423,27.8468504],[87.0847561,27.8467238],[87.0848276,27.8466238],[87.0849266,27.8465629],[87.0848841,27.8463288],[87.0848498,27.8460456],[87.0849074,27.8460011],[87.0848708,27.845859],[87.0847852,27.8457686],[87.0847488,27.8456589],[87.0846839,27.8456019],[87.084597,27.8454535],[87.0844821,27.8452989],[87.0843084,27.8451382],[87.0841105,27.8449348],[87.0839999,27.8447608],[87.0839212,27.8445272],[87.0838247,27.8443371],[87.0837095,27.8440603],[87.083509,27.8437646],[87.0834253,27.8434358],[87.0833379,27.8429262],[87.0832603,27.8426049],[87.0831654,27.8425165],[87.0830876,27.8422658],[87.0828035,27.8416462],[87.0827795,27.8416667],[87.0827212,27.8416452],[87.0827215,27.8416142],[87.0826251,27.8415769],[87.0824187,27.8415971],[87.0822657,27.8415292],[87.0821033,27.8415621],[87.0819173,27.8415325],[87.081648,27.8415032],[87.0815044,27.8414092],[87.0814403,27.8413039],[87.081404,27.8412524],[87.0811547,27.8411596],[87.0811328,27.8409955],[87.0810787,27.8409501],[87.0809734,27.8408267],[87.0808949,27.8406879],[87.0808614,27.8405892],[87.0807763,27.8405115],[87.080723,27.8404607],[87.0806695,27.840433],[87.0806911,27.8402566],[87.0806844,27.8401851],[87.0806321,27.8401321],[87.0805638,27.8400797],[87.0805534,27.8400056],[87.0805587,27.8399435],[87.0805119,27.8398546],[87.0804761,27.8398085],[87.0804668,27.8397641],[87.080363,27.8397217],[87.0803692,27.8396744],[87.0802711,27.8396606],[87.0802704,27.8396151],[87.0802508,27.8395637],[87.0802546,27.8395149],[87.0802939,27.8394965],[87.0803223,27.8394694],[87.0803593,27.8394749],[87.0803922,27.8394448],[87.0803871,27.8394053],[87.0803564,27.8393619],[87.0803003,27.8393184],[87.0802781,27.8392817],[87.0802855,27.8392426],[87.0802976,27.8391668],[87.0802548,27.8391339],[87.0802701,27.8390683],[87.0803145,27.8390145],[87.0803026,27.8389086],[87.0803267,27.8388263],[87.0802852,27.8387626],[87.0802845,27.8387058],[87.0802569,27.8386872],[87.0802265,27.8386448],[87.0802302,27.8386088],[87.080186,27.83859],[87.0801861,27.8385357],[87.0801231,27.8385291],[87.0799946,27.8384709],[87.079877,27.8383591],[87.0798556,27.8382352],[87.0798556,27.8381314],[87.0798669,27.837958],[87.07989,27.837895],[87.0798876,27.8378296],[87.0798264,27.8377792],[87.0797264,27.8377621],[87.0796974,27.8377307],[87.0795799,27.8377254],[87.0795037,27.8376545],[87.0794892,27.8376026],[87.0795047,27.8375507],[87.0795309,27.8374988],[87.079486,27.8374698],[87.0794512,27.8374261],[87.0794281,27.8373724],[87.0794436,27.837342]]]}},{"type":"Feature","properties":{"source":"https://www.openstreetmap.org/way/262723401","name":"Dride Lake"},"geometry":{"type":"Polygon","coordinates":[[[86.8374619,27.9953856],[86.8374787,27.9954635],[86.8372597,27.9959865],[86.8371999,27.9964689],[86.8371157,27.9971262],[86.8369176,27.9975395],[86.8369605,27.9979639],[86.8368105,27.9984089],[86.8365792,27.9988683],[86.8359418,27.9996015],[86.8355422,27.9997464],[86.8353951,27.9996318],[86.8350883,27.9995261],[86.8350144,27.9994316],[86.8349226,27.9991042],[86.8346829,27.9990815],[86.8346225,27.9988836],[86.8341892,27.9985499],[86.8339531,27.9981509],[86.833954,27.9979056],[86.8341278,27.9970543],[86.8348868,27.996275],[86.8351657,27.9959981],[86.8355666,27.995714],[86.8359334,27.9952967],[86.8361268,27.9951134],[86.8362308,27.9950953],[86.8362066,27.9949049],[86.8362476,27.9947001],[86.8363383,27.9947089],[86.8364128,27.9947966],[86.8365373,27.9947137],[86.8369166,27.9945837],[86.8370005,27.9944361],[86.8371495,27.9944322],[86.8372327,27.9945521],[86.8371076,27.995195],[86.8371462,27.9954693],[86.8373406,27.9954669],[86.8374619,27.9953856]]]}},{"type":"Feature","properties":{"source":"https://www.openstreetmap.org/way/263355394","name":"Lower Barun Glacial Lake"},"geometry":{"type":"Polygon","coordinates":[[[87.0786377,27.8011312],[87.0807603,27.8011001],[87.0820219,27.8013094],[87.0829288,27.801196],[87.0836877,27.8010652],[87.0843777,27.8012483],[87.0849691,27.801536],[87.0859351,27.8015709],[87.0876699,27.8015099],[87.0879951,27.8011437],[87.0884288,27.8011611],[87.0887738,27.8012832],[87.0897595,27.8011873],[87.092204,27.801135],[87.0961467,27.8007601],[87.1002002,27.8008908],[87.1019054,27.8012396],[87.1032656,27.8008734],[87.1049019,27.8001933],[87.1067056,27.7991557],[87.1074745,27.7984059],[87.1080557,27.7974381],[87.1092644,27.7966648],[87.109348,27.7962517],[87.108198,27.7962394],[87.107271,27.7960051],[87.1065671,27.7960791],[87.1060304,27.7962271],[87.1052882,27.795745],[87.1045391,27.795405],[87.1039674,27.7953701],[87.1035929,27.7957363],[87.1027058,27.7958584],[87.1007443,27.7952654],[87.0990095,27.7945679],[87.097807,27.7944894],[87.0957075,27.7948643],[87.0935784,27.794812],[87.092297,27.7946725],[87.0914789,27.7943848],[87.0904834,27.7943673],[87.0898526,27.7946812],[87.0874179,27.7944545],[87.0854663,27.794376],[87.0848301,27.7942519],[87.0846256,27.7954049],[87.0847005,27.7966673],[87.0847085,27.797718],[87.084755,27.7986609],[87.0843318,27.7995685],[87.0835675,27.7997691],[87.0827123,27.7995928],[87.0806539,27.7995045],[87.0793093,27.8001875],[87.0787887,27.8006227],[87.0786377,27.8011312]]]}},{"type":"Feature","properties":{"source":"https://www.openstreetmap.org/way/284549316","name":"Tsho Rolpa Lake"},"geometry":{"type":"Polygon","coordinates":[[[86.4898778,27.8496679],[86.4895844,27.8500942],[86.4891812,27.8506728],[86.4888487,27.8510324],[86.4884172,27.8515172],[86.4881554,27.8519769],[86.4877291,27.852723],[86.4874864,27.8530768],[86.4871888,27.8535168],[86.4870162,27.8538153],[86.4867937,27.8541183],[86.4865886,27.8543549],[86.4862159,27.8548281],[86.4861284,27.8548701],[86.4860133,27.8549055],[86.4859858,27.8549342],[86.4859583,27.8550271],[86.4858783,27.8551244],[86.4855931,27.8553765],[86.4851305,27.8558165],[86.4847128,27.8562057],[86.4846803,27.8563185],[86.4844927,27.8566281],[86.4842701,27.8569553],[86.4840625,27.8571411],[86.4838774,27.8574529],[86.4837824,27.8575988],[86.4836598,27.8577226],[86.4835998,27.8578553],[86.4835173,27.8579482],[86.4833847,27.8580057],[86.4831846,27.8581538],[86.4829045,27.8584368],[86.4827945,27.8586292],[86.4826844,27.8587508],[86.4825368,27.8589233],[86.4824643,27.8589476],[86.4823643,27.8589388],[86.4823068,27.8589543],[86.4822692,27.8590095],[86.4822667,27.8590891],[86.4822092,27.8592705],[86.4821092,27.8594076],[86.4820216,27.8594849],[86.4818816,27.8595623],[86.4817465,27.8597304],[86.4816915,27.8598432],[86.4815614,27.8599316],[86.4813839,27.8601284],[86.4812413,27.8602456],[86.4811062,27.8604402],[86.4809737,27.8605618],[86.4807686,27.8608537],[86.480616,27.861004],[86.4803734,27.8613047],[86.4801783,27.8614462],[86.4800258,27.8615258],[86.4799157,27.8617359],[86.4798182,27.8618354],[86.4796236,27.8620764],[86.4794361,27.862228],[86.4793088,27.8623985],[86.4791178,27.8626873],[86.4789252,27.862957],[86.47864,27.8632422],[86.4785375,27.8634147],[86.478425,27.8635673],[86.4782174,27.8637331],[86.4778447,27.8639321],[86.4776221,27.8641046],[86.4773995,27.864308],[86.4771644,27.8645711],[86.4769768,27.8647568],[86.4768593,27.8648718],[86.4767593,27.8650354],[86.4766767,27.8651283],[86.4764666,27.8653184],[86.4762991,27.8655285],[86.4761365,27.8656656],[86.4760389,27.865712],[86.4759314,27.8658027],[86.4758339,27.8658447],[86.4757063,27.8658911],[86.4756213,27.8659464],[86.4755437,27.8660459],[86.4754312,27.8661808],[86.4752736,27.8662891],[86.4751086,27.8664439],[86.4749935,27.86655],[86.4748248,27.866652],[86.4746498,27.8667989],[86.4745189,27.866935],[86.474342,27.867096],[86.4740361,27.8673117],[86.4738168,27.8674463],[86.4735126,27.867598],[86.4732014,27.8677637],[86.4729184,27.8678825],[86.4725771,27.867956],[86.4722198,27.8680451],[86.4719351,27.8680857],[86.4716168,27.8681842],[86.4713409,27.868314],[86.47118,27.8684047],[86.4710208,27.8684563],[86.4707042,27.8686189],[86.4704637,27.8687783],[86.4703523,27.8688237],[86.4702603,27.8688346],[86.4700463,27.8689128],[86.4697687,27.8690941],[86.4696184,27.8691973],[86.4694539,27.8693115],[86.4691904,27.8694897],[86.4691037,27.8695553],[86.468987,27.8696273],[86.4687606,27.8697336],[86.4686474,27.8697695],[86.468437,27.8698868],[86.4683273,27.870015],[86.4682283,27.8701041],[86.4680497,27.8702292],[86.4678251,27.8704215],[86.4676748,27.8705278],[86.4673564,27.8706638],[86.4672415,27.8707466],[86.4671053,27.8708014],[86.4668524,27.8708639],[86.4667038,27.8708717],[86.4666119,27.870878],[86.4665022,27.8709233],[86.4664262,27.8709405],[86.466336,27.8709702],[86.4662776,27.8710171],[86.4661786,27.8711156],[86.4660583,27.8711813],[86.465984,27.8711875],[86.4659168,27.8711828],[86.4658143,27.8711359],[86.4657272,27.8711228],[86.4656497,27.8711416],[86.4655059,27.8711516],[86.4653971,27.8711759],[86.4652808,27.8712113],[86.465167,27.8712102],[86.4650657,27.8711859],[86.4649531,27.871198],[86.4648543,27.8712378],[86.464713,27.8712433],[86.4646105,27.8712113],[86.4645142,27.8711825],[86.4644529,27.871166],[86.4644154,27.8711129],[86.4643929,27.8710842],[86.4643554,27.8710377],[86.4643416,27.8709791],[86.4643041,27.8709493],[86.4642064,27.8709565],[86.4639604,27.8710129],[86.4638348,27.8710176],[86.4637269,27.8709926],[86.4635855,27.8709175],[86.4634493,27.8708362],[86.4633852,27.870732],[86.4633135,27.87048],[86.4630152,27.8704822],[86.4629149,27.8704419],[86.4629374,27.8703541],[86.4631923,27.8702036],[86.4631651,27.8698189],[86.4631426,27.8695681],[86.4631038,27.8693697],[86.4631343,27.8691447],[86.4632946,27.8688359],[86.4635976,27.8686142],[86.4640993,27.8679958],[86.4644044,27.8676906],[86.4648196,27.8674364],[86.4651722,27.8673081],[86.4655499,27.8671291],[86.4661802,27.8667134],[86.4667779,27.8663574],[86.4676629,27.8658587],[86.4687099,27.8651927],[86.4696649,27.8644954],[86.4704714,27.863945],[86.4713096,27.8632321],[86.4719109,27.8625848],[86.4728376,27.8613934],[86.4735061,27.8606398],[86.4742206,27.85998],[86.4748856,27.8591982],[86.4752428,27.8587542],[86.4757592,27.8581663],[86.4762403,27.8576221],[86.4766399,27.8573501],[86.4773049,27.8567028],[86.4781609,27.8558271],[86.4785146,27.8554644],[86.4789638,27.8551267],[86.479268,27.8549766],[86.4796606,27.8546607],[86.4802123,27.8543261],[86.4813619,27.8537132],[86.4822249,27.8532878],[86.4831728,27.8526874],[86.4835159,27.8525404],[86.4837175,27.8524998],[86.4838661,27.8525123],[86.4840111,27.8524873],[86.4841703,27.8523059],[86.4843507,27.852015],[86.4844568,27.8519212],[86.4846372,27.8517961],[86.4849201,27.8514803],[86.4854542,27.8508673],[86.4858009,27.8503982],[86.4860732,27.8501293],[86.486533,27.8498603],[86.4867665,27.8497008],[86.4869575,27.849607],[86.4871414,27.8494631],[86.4872617,27.8492536],[86.487435,27.8491097],[86.4875305,27.8490657],[86.4875694,27.8490901],[86.487395,27.84945],[86.4875259,27.8496627],[86.4877169,27.8497471],[86.4879219,27.849659],[86.4881378,27.8493437],[86.488446,27.8491048],[86.4888568,27.849166],[86.4893145,27.8493313],[86.489619,27.8496074],[86.4898778,27.8496679]]]}},{"type":"Feature","properties":{"source":"https://www.openstreetmap.org/way/286041401","name":"Panch Pokhari"},"geometry":{"type":"Polygon","coordinates":[[[86.9173169,27.8555595],[86.9170213,27.8556561],[86.9168971,27.8558208],[86.9168871,27.8560119],[86.9170561,27.8562404],[86.9171877,27.8565435],[86.9171877,27.8570223],[86.9172871,27.857253],[86.9173915,27.857354],[86.9174188,27.8576417],[86.9174362,27.857947],[86.9175256,27.85807],[86.9176325,27.8581184],[86.917779,27.8581184],[86.9181045,27.8580525],[86.9183455,27.8579251],[86.9186834,27.8578592],[86.9189765,27.8578087],[86.9192051,27.8578175],[86.9194361,27.8577999],[86.919702,27.8576286],[86.9199057,27.8575868],[86.9200547,27.8574528],[86.9200995,27.8573057],[86.9200547,27.8572288],[86.9200572,27.8570926],[86.9200175,27.8569059],[86.9201044,27.8568246],[86.9202013,27.8567653],[86.9201839,27.8566819],[86.9201665,27.8565391],[86.9202311,27.8563546],[86.9201293,27.8561481],[86.9199877,27.8558626],[86.9197094,27.8556891],[86.9195777,27.8556363],[86.9194933,27.8555463],[86.9194982,27.855465],[86.9195206,27.8554167],[86.9196125,27.8553552],[86.9195926,27.8552541],[86.9194659,27.8551795],[86.9192995,27.8551817],[86.9191728,27.8551597],[86.919133,27.8551882],[86.9191231,27.8552432],[86.9190386,27.8552541],[86.9187902,27.855208],[86.9185169,27.855219],[86.9182436,27.8552981],[86.9179678,27.8553025],[86.9176399,27.8554233],[86.9173169,27.8555595]]]}},{"type":"Feature","properties":{"source":"https://www.openstreetmap.org/way/286042204","name":"Panch Pokhari"},"geometry":{"type":"Polygon","coordinates":[[[86.9331046,27.8437284],[86.9332908,27.8440173],[86.9334244,27.8443652],[86.9334033,27.8446044],[86.9333998,27.8447846],[86.9333998,27.8449804],[86.9332768,27.8451419],[86.9331187,27.8453532],[86.9330063,27.8457788],[86.9329957,27.8464777],[86.9332838,27.8473445],[86.9333717,27.8477577],[86.9332979,27.8479037],[86.9329887,27.8481553],[86.9324722,27.8486026],[86.932279,27.8490003],[86.9321736,27.8493016],[86.9317801,27.849895],[86.9313444,27.8502771],[86.9308982,27.8505287],[86.9305468,27.8510009],[86.9300831,27.851442],[86.9298547,27.8518831],[86.9297247,27.8520446],[86.929289,27.8522466],[86.928899,27.852725],[86.928495,27.8530263],[86.928105,27.8531257],[86.9272723,27.8533711],[86.9260637,27.8536693],[86.9254699,27.8540234],[86.9247707,27.8544645],[86.9245529,27.8548],[86.9242402,27.8550082],[86.9239345,27.8552349],[86.9235937,27.8552349],[86.9234497,27.8552287],[86.9228489,27.8550361],[86.9226697,27.8549367],[86.9225151,27.8546913],[86.9225713,27.8544366],[86.9227083,27.8539737],[86.9229578,27.8535388],[86.923151,27.853281],[86.9232037,27.8530387],[86.9233794,27.8528865],[86.9236499,27.8524826],[86.9241559,27.8520105],[86.9246337,27.8516128],[86.9248937,27.8514544],[86.925108,27.8514575],[86.9253961,27.8513643],[86.925498,27.8512121],[86.9255129,27.8509134],[86.9255154,27.8507926],[86.9255601,27.8507135],[86.925652,27.8507398],[86.9259179,27.8507223],[86.9260222,27.8505663],[86.9261067,27.8502785],[86.9261141,27.8501006],[86.9261713,27.8500193],[86.92638,27.8498722],[86.9265837,27.849692],[86.926698,27.8494658],[86.9266766,27.8493449],[86.9265052,27.8493274],[86.9263685,27.8495163],[86.9262915,27.8496788],[86.9261549,27.8497425],[86.9260853,27.8496591],[86.9259139,27.8496239],[86.9257052,27.8496788],[86.9255984,27.8498238],[86.9255984,27.849949],[86.9256729,27.8500632],[86.9255984,27.8501731],[86.9254568,27.8502653],[86.9253176,27.8502631],[86.9250468,27.8501357],[86.9248804,27.8499227],[86.9246891,27.8494218],[86.9247512,27.8488397],[86.9246767,27.8483213],[86.9246287,27.8480164],[86.924713,27.8478673],[86.925103,27.8477337],[86.9252787,27.8476933],[86.9254438,27.8478051],[86.9256968,27.8478579],[86.9261992,27.8478952],[86.92654,27.8479449],[86.9269406,27.84815],[86.9271162,27.8482742],[86.9274676,27.8484078],[86.9277451,27.8483705],[86.9287394,27.8479977],[86.9289959,27.847802],[86.9292911,27.8474821],[86.9293859,27.8471745],[86.9297021,27.8469695],[86.9298392,27.8468017],[86.9302046,27.8466495],[86.9305137,27.8464817],[86.9307808,27.8463854],[86.9310232,27.8462549],[86.9312481,27.8460126],[86.9313499,27.8456585],[86.9318945,27.844829],[86.9320597,27.8446612],[86.9322599,27.8443133],[86.9323934,27.8441983],[86.9324145,27.8440026],[86.9324707,27.8437883],[86.932664,27.8433937],[86.9327799,27.8433192],[86.9329626,27.8433533],[86.933075,27.8434279],[86.9330856,27.8435273],[86.9330645,27.8436578],[86.9331046,27.8437284]]]}},{"type":"Feature","properties":{"source":"https://www.openstreetmap.org/way/286080098","name":"Panch Pokhari"},"geometry":{"type":"Polygon","coordinates":[[[86.9394744,27.8543625],[86.9394962,27.8545512],[86.9394962,27.8549209],[86.9396094,27.8552674],[86.9396116,27.8556564],[86.939547,27.8561037],[86.9394361,27.8565203],[86.9394023,27.8567708],[86.9395532,27.8570594],[86.9397595,27.8572527],[86.9399381,27.8573371],[86.9399997,27.8574787],[86.9400305,27.8576094],[86.9399443,27.8577101],[86.9397472,27.8577837],[86.9396825,27.857849],[86.9396425,27.8579606],[86.9395162,27.8580532],[86.9393838,27.858154],[86.939316,27.8582357],[86.9393253,27.8583173],[86.9393807,27.85838],[86.9394238,27.8584725],[86.9393807,27.8585433],[86.9392791,27.8586141],[86.9391898,27.8587612],[86.9391682,27.8588211],[86.9390912,27.8589164],[86.938928,27.8590144],[86.9387771,27.8590988],[86.9386077,27.8593738],[86.9385221,27.8594657],[86.9384544,27.8596045],[86.9383158,27.8597665],[86.9381957,27.8598346],[86.9381048,27.8598441],[86.9380386,27.8598863],[86.938037,27.8599204],[86.9380155,27.8599816],[86.9379323,27.8599884],[86.9378138,27.8600061],[86.9377029,27.8600524],[86.9376059,27.860047],[86.9374935,27.860062],[86.9373949,27.8601287],[86.9373287,27.8601491],[86.9371809,27.8601232],[86.9370669,27.8601341],[86.93703,27.8601627],[86.9369591,27.860145],[86.9368575,27.8601545],[86.9368051,27.86016],[86.9366019,27.8601314],[86.9365264,27.8601287],[86.9364571,27.8601219],[86.9364017,27.8600892],[86.9363324,27.8600824],[86.9361615,27.8600865],[86.9361107,27.8600592],[86.935929,27.8597788],[86.935775,27.8595215],[86.9357442,27.8592955],[86.9357688,27.859128],[86.9359105,27.8587428],[86.9360198,27.8583997],[86.9361877,27.8580729],[86.9362385,27.8578823],[86.9362169,27.8575801],[86.9360013,27.8570873],[86.9358289,27.8566816],[86.9358396,27.85651],[86.9360244,27.8560839],[86.9360906,27.8557857],[86.936103,27.8555693],[86.9360383,27.8552915],[86.935969,27.8551758],[86.935815,27.8550274],[86.9357981,27.8549444],[86.935872,27.8546857],[86.9359105,27.8544801],[86.9360645,27.8543276],[86.9361723,27.8542051],[86.9363509,27.8541466],[86.9365372,27.8540989],[86.9365884,27.8540409],[86.9365873,27.853989],[86.9366091,27.853963],[86.9366733,27.8539562],[86.9367278,27.8539264],[86.9367463,27.8538831],[86.9367299,27.8538417],[86.9366733,27.8538186],[86.9366113,27.8537878],[86.9366091,27.8537618],[86.9366385,27.853731],[86.9367387,27.8537136],[86.9368791,27.8537387],[86.936951,27.8537406],[86.9370533,27.8537271],[86.9370893,27.853731],[86.9370958,27.853757],[86.9370642,27.8537656],[86.9370076,27.8537656],[86.937,27.8537906],[86.937013,27.853808],[86.9370577,27.8538243],[86.9371067,27.8538272],[86.9371089,27.8538551],[86.9370588,27.8538898],[86.9370381,27.853936],[86.9370457,27.854092],[86.937074,27.8541584],[86.9371219,27.854168],[86.9371404,27.8541478],[86.9371502,27.8540554],[86.937233,27.8539822],[86.9373223,27.8539447],[86.93738,27.8539456],[86.9374453,27.8539659],[86.9375477,27.8541728],[86.9376381,27.8542123],[86.937834,27.8542094],[86.938322,27.854157],[86.9386023,27.8540617],[86.9386777,27.8540018],[86.938764,27.853976],[86.9389595,27.8540304],[86.9391705,27.8541216],[86.9393322,27.8542728],[86.9394744,27.8543625]]]}},{"type":"Feature","properties":{"source":"https://www.openstreetmap.org/way/286524816","name":"Dig Tsho Lake"},"geometry":{"type":"Polygon","coordinates":[[[86.581694,27.8730525],[86.5801222,27.8738204],[86.5802288,27.8742119],[86.5803911,27.8748076],[86.5816527,27.8758862],[86.5834726,27.8764712],[86.5853133,27.8764712],[86.5875276,27.8757202],[86.5893963,27.875107],[86.5904793,27.8750507],[86.5919313,27.8746065],[86.5929143,27.8741684],[86.5929001,27.8736053],[86.5915177,27.8734182],[86.5908049,27.8730859],[86.5908261,27.8728669],[86.5910385,27.8727042],[86.5911376,27.8723413],[86.5909252,27.8721035],[86.5903873,27.8720848],[86.5891415,27.8723976],[86.5854787,27.872632],[86.5828315,27.8728149],[86.581694,27.8730525]]]}},{"type":"Feature","properties":{"source":"https://www.openstreetmap.org/way/286829892","name":"Dudhkunda"},"geometry":{"type":"Polygon","coordinates":[[[86.5981716,27.710331],[86.5979153,27.7106928],[86.5978147,27.7109986],[86.5977961,27.7113598],[86.5979402,27.7117641],[86.5983528,27.7126105],[86.5990341,27.7131377],[86.5996671,27.7138025],[86.6002303,27.7137503],[86.6004503,27.7131567],[86.6008848,27.7130332],[86.6011475,27.7127922],[86.60117,27.7124821],[86.6011095,27.7122295],[86.6009116,27.7118934],[86.6005951,27.7116892],[86.6003483,27.711333],[86.6002142,27.7110433],[86.6002572,27.7104592],[86.6001499,27.7098133],[86.6000587,27.7095236],[86.6000265,27.7092434],[86.5999997,27.7090867],[86.5998226,27.7090724],[86.5996242,27.7089442],[86.5994847,27.7089323],[86.5993734,27.709057],[86.5992728,27.7091388],[86.5992102,27.7093028],[86.5991095,27.7093117],[86.5989128,27.7093667],[86.5986637,27.7095958],[86.5983722,27.7100396],[86.5981716,27.710331]]]}},{"type":"Feature","properties":{"source":"https://www.openstreetmap.org/way/286976441","name":"Helamcha lake"},"geometry":{"type":"Polygon","coordinates":[[[86.525234,27.698264],[86.5255556,27.6976644],[86.526402,27.6971248],[86.5269861,27.6972372],[86.5279933,27.698249],[86.5280018,27.6990509],[86.5275532,27.6994405],[86.5273924,27.6998153],[86.5275193,27.7003473],[86.5273754,27.7007071],[86.5269607,27.7005647],[86.5264613,27.6997478],[86.5259365,27.6988935],[86.5253948,27.6986312],[86.525234,27.698264]]]}},{"type":"Feature","properties":{"source":"https://www.openstreetmap.org/way/286986394","name":"Likhu Dudhpokharai"},"geometry":{"type":"Polygon","coordinates":[[[86.5229198,27.7496995],[86.5227127,27.7500001],[86.5228038,27.750594],[86.5230161,27.7507944],[86.5230315,27.7512192],[86.5232464,27.7515829],[86.5236667,27.751525],[86.5240496,27.7517482],[86.5243391,27.7516738],[86.5243952,27.7510952],[86.5249929,27.7510374],[86.5254132,27.7512027],[86.5258709,27.7510043],[86.5257308,27.7506902],[86.5252638,27.7504257],[86.524697,27.7501823],[86.5243447,27.7498315],[86.5236903,27.7494869],[86.5229198,27.7496995]]]}},{"type":"Feature","properties":{"source":"https://www.openstreetmap.org/way/298442238","name":"Kapuche Glacier Lake"},"geometry":{"type":"Polygon","coordinates":[[[84.118184,28.4477931],[84.1181034,28.4474919],[84.1181721,28.4472019],[84.1181877,28.4466335],[84.1180912,28.4461635],[84.1176352,28.4453181],[84.1174164,28.4452345],[84.1172537,28.444827],[84.1171684,28.4445339],[84.1168207,28.4444856],[84.1168286,28.4446512],[84.1169895,28.444995],[84.116797,28.4450583],[84.1165992,28.4450379],[84.116213,28.4450879],[84.1158877,28.4450164],[84.1159081,28.4452059],[84.1155218,28.4456313],[84.1154405,28.4464749],[84.1150177,28.4472792],[84.1152617,28.4475866],[84.1152866,28.4478159],[84.1152942,28.4480835],[84.11553,28.4482729],[84.1158105,28.4483587],[84.1160056,28.4483337],[84.1162902,28.4485696],[84.1166358,28.4486411],[84.1168634,28.4487805],[84.1172659,28.4491808],[84.1177294,28.4493059],[84.1180343,28.4491487],[84.1181197,28.4483909],[84.118079,28.4480584],[84.118184,28.4477931]]]}},{"type":"Feature","properties":{"source":"https://www.openstreetmap.org/way/306356082","name":"Selima Tso"},"geometry":{"type":"Polygon","coordinates":[[[81.6909883,30.2559253],[81.6906879,30.2560829],[81.6904518,30.2561385],[81.6900227,30.2561477],[81.6897652,30.2561199],[81.689615,30.2560458],[81.6895613,30.2559531],[81.689379,30.2557492],[81.6891333,30.2556371],[81.6887889,30.2555731],[81.688467,30.255638],[81.6881881,30.2557122],[81.687834,30.2557863],[81.6875765,30.2558234],[81.6872879,30.2559151],[81.6868899,30.2561292],[81.6867289,30.2562404],[81.6865905,30.2564434],[81.6864296,30.2566843],[81.6863652,30.2569531],[81.6862652,30.2572959],[81.6861936,30.2571106],[81.6861925,30.2568242],[81.6862247,30.2566296],[81.6863212,30.2563887],[81.6863749,30.2562126],[81.6864607,30.2560458],[81.6866002,30.255916],[81.6866967,30.2557678],[81.6867289,30.2555268],[81.6866656,30.2552201],[81.6866538,30.2549893],[81.6866431,30.2545445],[81.6867193,30.2543674],[81.686848,30.2540802],[81.6869113,30.2535621],[81.6870293,30.253247],[81.6870723,30.252969],[81.6871377,30.2526993],[81.6871913,30.2525417],[81.6872654,30.252348],[81.6874918,30.2520227],[81.6875765,30.2518476],[81.6875658,30.2515788],[81.6875551,30.2514213],[81.6875121,30.2508652],[81.6875229,30.2502072],[81.687598,30.2495862],[81.6875872,30.2491784],[81.6876302,30.2485945],[81.6876623,30.2483536],[81.6875669,30.2481765],[81.6874585,30.2479272],[81.6874692,30.2478623],[81.6876194,30.2477511],[81.6878243,30.2475463],[81.6880604,30.2473702],[81.6881355,30.2476761],[81.6882642,30.2478892],[81.6885099,30.2480199],[81.6887996,30.2479643],[81.6890733,30.2478977],[81.6892942,30.2479726],[81.68938,30.2480653],[81.6894004,30.2482145],[81.6896912,30.24788],[81.6899916,30.2478151],[81.6901514,30.2477789],[81.6902051,30.2477233],[81.6902695,30.2475102],[81.6903016,30.2473341],[81.6902169,30.2471107],[81.6901525,30.2468419],[81.6899594,30.246499],[81.6899154,30.2462775],[81.6901192,30.2462404],[81.6902802,30.2466482],[81.69041,30.2472126],[81.6905162,30.2480199],[81.6905066,30.2484453],[81.6904948,30.2487336],[81.6905269,30.2490209],[81.6906664,30.2493267],[81.6907211,30.2495482],[81.6907748,30.2497799],[81.6908166,30.2499847],[81.6907308,30.250235],[81.6905913,30.2505871],[81.6905066,30.2508828],[81.6905066,30.2511979],[81.6906568,30.2516706],[81.6907855,30.2521432],[81.6907855,30.2523842],[81.6907855,30.2527734],[81.6907104,30.2532924],[81.6905699,30.2538679],[81.6906782,30.2544972],[81.690763,30.2549615],[81.6909894,30.2553313],[81.6910527,30.2555824],[81.6910537,30.2558502],[81.6909883,30.2559253]]]}},{"type":"Feature","properties":{"source":"https://www.openstreetmap.org/way/314812223","name":"Panch Pokhari"},"geometry":{"type":"Polygon","coordinates":[[[86.4201081,27.7315118],[86.4216584,27.7323446],[86.4229438,27.732368],[86.4237124,27.731852],[86.4234341,27.7314766],[86.4229754,27.7311854],[86.4220581,27.7307389],[86.4216568,27.7307305],[86.4211044,27.7304545],[86.4205256,27.7299951],[86.4203996,27.7303858],[86.4204694,27.7307996],[86.4208501,27.7310075],[86.4209694,27.7313593],[86.4203333,27.7312186],[86.4200418,27.7309254],[86.4201743,27.7306439],[86.4197105,27.7304093],[86.4191805,27.7307612],[86.4185842,27.7306087],[86.4183589,27.7309136],[86.4201081,27.7315118]]]}},{"type":"Feature","properties":{"source":"https://www.openstreetmap.org/way/325396969","name":"\u091a\u0928\u094d\u0926\u094d\u0930\u0936\u0947\u0916\u0930 \u0924\u093e\u0932"},"geometry":{"type":"Polygon","coordinates":[[[85.7012117,28.2841065],[85.7018017,28.2837328],[85.702275,28.2830979],[85.7025245,28.282796],[85.7028752,28.2822467],[85.7030037,28.2817204],[85.7030595,28.2813674],[85.7027327,28.2811367],[85.702594,28.2809028],[85.7021719,28.2808503],[85.7014407,28.2808011],[85.7008543,28.2810884],[85.7006054,28.2816221],[85.7007121,28.2822111],[85.7008028,28.2829712],[85.7008616,28.2835384],[85.700834,28.2839711],[85.7010427,28.283803],[85.701131,28.2842362],[85.7012117,28.2841065]]]}},{"type":"Feature","properties":{"source":"https://www.openstreetmap.org/way/330810092","name":"Rinlepani Tal"},"geometry":{"type":"Polygon","coordinates":[[[80.9017443,29.9747002],[80.9020433,29.9755133],[80.9031563,29.9750096],[80.9040617,29.9741174],[80.9052412,29.9728367],[80.9047096,29.9724913],[80.9036049,29.9727935],[80.9037627,29.973549],[80.9033308,29.9740311],[80.902035,29.9742685],[80.9017443,29.9747002]]]}},{"type":"Feature","properties":{"source":"https://www.openstreetmap.org/way/330989385","name":"Talak Tal"},"geometry":{"type":"Polygon","coordinates":[[[82.4096842,29.7549089],[82.4103326,29.7564624],[82.411759,29.7562823],[82.4131594,29.7564624],[82.4155713,29.7553592],[82.416505,29.7553817],[82.4183463,29.7545261],[82.4197468,29.7527924],[82.4201617,29.7506534],[82.4191503,29.7506759],[82.4185927,29.7511488],[82.4152342,29.7519481],[82.4134836,29.7518468],[82.4122128,29.7520382],[82.4116163,29.7521057],[82.4113181,29.7523871],[82.4106827,29.7525222],[82.4101121,29.7529163],[82.4097491,29.7529669],[82.4092433,29.7525222],[82.4088089,29.7525222],[82.4086274,29.7528487],[82.4093211,29.7529726],[82.4090293,29.7533223],[82.4090018,29.7540148],[82.4089651,29.7544208],[82.4091577,29.7548348],[82.4096842,29.7549089]]]}},{"type":"Feature","properties":{"source":"https://www.openstreetmap.org/way/331033483","name":"Dhauli Daha"},"geometry":{"type":"Polygon","coordinates":[[[82.4180255,29.3838309],[82.4211041,29.3858153],[82.4265806,29.3870813],[82.428257,29.3870813],[82.4294492,29.3859776],[82.4277727,29.3837702],[82.4256492,29.3821146],[82.4233021,29.3811083],[82.4215139,29.3811407],[82.4187197,29.3826016],[82.4180255,29.3838309]]]}},{"type":"Feature","properties":{"source":"https://www.openstreetmap.org/way/340622687","name":"Kalopokhari"},"geometry":{"type":"Polygon","coordinates":[[[85.1677859,28.2925234],[85.1680071,28.292566],[85.1680957,28.2927054],[85.1682861,28.2927621],[85.1683022,28.2928802],[85.1685919,28.2930502],[85.1686616,28.2932014],[85.168785,28.2932297],[85.1690049,28.2930762],[85.1691069,28.2931707],[85.1692919,28.293199],[85.1694207,28.2932911],[85.1696205,28.2935626],[85.1698847,28.2941177],[85.1700456,28.2942547],[85.1701784,28.2945262],[85.1703353,28.2946279],[85.170338,28.2947412],[85.1704775,28.294805],[85.1705432,28.2947907],[85.1708329,28.2948096],[85.1711762,28.2949418],[85.1713049,28.295093],[85.1714645,28.2951593],[85.1718078,28.2950364],[85.1719017,28.2950813],[85.1721082,28.2950813],[85.1722504,28.2951782],[85.1722665,28.2953647],[85.1724703,28.2954923],[85.1726822,28.2955985],[85.1726715,28.2958678],[85.1727426,28.2959621],[85.1728566,28.296026],[85.1729894,28.2960282],[85.1730282,28.2961299],[85.1731114,28.2960638],[85.1731181,28.2959999],[85.1730001,28.2958865],[85.1728606,28.2957826],[85.1728177,28.2955937],[85.1729357,28.2954142],[85.1730966,28.2951497],[85.1731717,28.2949324],[85.173047,28.2946279],[85.1728915,28.2943445],[85.1729692,28.2940162],[85.172988,28.2938839],[85.1731624,28.2938414],[85.1732911,28.2936194],[85.1732777,28.2934588],[85.1731892,28.2932628],[85.1730765,28.2931211],[85.1727064,28.2927739],[85.1724315,28.2924006],[85.1722209,28.2922425],[85.1718964,28.2919402],[85.1715852,28.291626],[85.1713277,28.2912505],[85.1712875,28.291123],[85.1711909,28.2910309],[85.1710971,28.2906246],[85.1709723,28.2899821],[85.1707148,28.2896231],[85.1702964,28.2895097],[85.1698136,28.2894341],[85.169481,28.2894341],[85.1690519,28.2895097],[85.1688909,28.2895758],[85.1686549,28.2895947],[85.1683974,28.2896231],[85.1681828,28.2895853],[85.1680755,28.2896703],[85.1681788,28.2901712],[85.1681198,28.2907805],[85.1680098,28.2910403],[85.1679897,28.2913142],[85.1680326,28.2916165],[85.1679361,28.2917204],[85.1677658,28.2918457],[85.1676571,28.2920605],[85.1676678,28.2922967],[85.1677859,28.2925234]]]}},{"type":"Feature","properties":{"source":"https://www.openstreetmap.org/way/340936486","name":"Kalo Daha (Kunda)"},"geometry":{"type":"Polygon","coordinates":[[[85.1187658,28.2743189],[85.1187765,28.2746165],[85.1190072,28.2749756],[85.1194916,28.2752623],[85.1199942,28.2754055],[85.1203499,28.2755033],[85.1211529,28.2755047],[85.1213407,28.2754102],[85.1215086,28.2751348],[85.1216518,28.2750559],[85.1216143,28.2746401],[85.1214158,28.2741441],[85.1212012,28.2738228],[85.1209614,28.2736797],[85.1206648,28.2737189],[85.120477,28.2737472],[85.1200817,28.2736372],[85.1197222,28.2735805],[85.1194165,28.2735946],[85.1188194,28.273889],[85.1187658,28.2743189]]]}},{"type":"Feature","properties":{"source":"https://www.openstreetmap.org/way/352887124","name":"namlyo lake"},"geometry":{"type":"Polygon","coordinates":[[[84.4570127,28.659186],[84.4579194,28.6580679],[84.4594898,28.6567942],[84.4592522,28.6549299],[84.45921,28.6539424],[84.457787,28.6558257],[84.4572505,28.6565585],[84.4573671,28.6570948],[84.4567699,28.6576148],[84.45649,28.6585768],[84.4570499,28.6587529],[84.4570127,28.659186]]]}},{"type":"Feature","properties":{"source":"https://www.openstreetmap.org/way/352887125","name":"Ponkar lake"},"geometry":{"type":"Polygon","coordinates":[[[84.4684535,28.6571782],[84.4684187,28.6571029],[84.4683892,28.657037],[84.4683865,28.656957],[84.4683865,28.6569005],[84.4684267,28.6568628],[84.4684803,28.6568275],[84.4685501,28.6568087],[84.4686091,28.6568087],[84.4687378,28.6568134],[84.4688103,28.656844],[84.4688532,28.6569099],[84.4689068,28.6569852],[84.4690154,28.6571005],[84.4690731,28.65715],[84.4691201,28.6572041],[84.4691442,28.6572406],[84.4691643,28.6573147],[84.4691804,28.6573712],[84.4691898,28.6574465],[84.4692112,28.6574877],[84.4692475,28.6575254],[84.469277,28.6575524],[84.4693145,28.6575818],[84.4693682,28.6576113],[84.4694231,28.6576642],[84.4694647,28.6577242],[84.4694848,28.657756],[84.4695318,28.6578054],[84.4695613,28.6578207],[84.4695948,28.6578466],[84.4696203,28.6578796],[84.4696578,28.6579255],[84.4696994,28.658002],[84.469749,28.6580667],[84.4697852,28.6581361],[84.4698335,28.6581844],[84.4699019,28.6582267],[84.4699717,28.6582538],[84.4699971,28.6582679],[84.470032,28.6583021],[84.4700575,28.6583468],[84.4700669,28.6583797],[84.470087,28.658428],[84.4701084,28.6584668],[84.4701487,28.6585092],[84.4701876,28.6585327],[84.4702198,28.6585574],[84.470256,28.6585939],[84.4703096,28.6586386],[84.4703378,28.6586669],[84.470374,28.6586975],[84.4704223,28.6587234],[84.4705041,28.6587622],[84.4705255,28.6587845],[84.4705524,28.6588257],[84.470602,28.6588822],[84.4706637,28.6589222],[84.4707562,28.6589952],[84.4708098,28.6590587],[84.4708595,28.6591211],[84.4709238,28.6591752],[84.47096,28.6592188],[84.4709949,28.6592717],[84.4710164,28.6593247],[84.4710459,28.6593882],[84.4710727,28.65942],[84.4711062,28.6594494],[84.4711773,28.6594847],[84.4712283,28.6595118],[84.4712658,28.6595659],[84.4713128,28.6595965],[84.4713731,28.6596201],[84.4714133,28.6596507],[84.4714388,28.6596872],[84.471467,28.6597295],[84.4715086,28.6597636],[84.4715488,28.6598107],[84.4715837,28.6598543],[84.4716185,28.659906],[84.4716507,28.6599625],[84.4716936,28.660012],[84.4717392,28.6600614],[84.4717929,28.6601096],[84.4718479,28.6601743],[84.4718935,28.6602297],[84.4719283,28.6602885],[84.4719632,28.6603526],[84.4719826,28.6604062],[84.4720182,28.6604738],[84.4720256,28.6605321],[84.4720484,28.6605951],[84.4720819,28.6606486],[84.4721174,28.6607392],[84.4721563,28.6608334],[84.4721577,28.6608981],[84.4721442,28.6609946],[84.4721201,28.6610981],[84.4721295,28.6611358],[84.4721523,28.6611711],[84.4721724,28.6612217],[84.4722059,28.6612629],[84.4722448,28.6612958],[84.4722757,28.6613229],[84.4722998,28.6613523],[84.472332,28.6613841],[84.4724031,28.6613959],[84.4724393,28.6614111],[84.4724728,28.6614323],[84.4724782,28.6614653],[84.4724809,28.6615112],[84.472509,28.6615606],[84.4725318,28.6616136],[84.4725318,28.6616512],[84.4725238,28.6616924],[84.4725291,28.6617383],[84.4725439,28.661796],[84.4725761,28.6618289],[84.4726029,28.6618466],[84.4726364,28.6618583],[84.4726834,28.6618619],[84.4727263,28.6618548],[84.4727504,28.661843],[84.4727759,28.6618195],[84.4727893,28.6618089],[84.4728068,28.6617948],[84.4728295,28.6617865],[84.472843,28.6617854],[84.4728711,28.6617889],[84.4728886,28.6618018],[84.4729127,28.6618207],[84.4729422,28.6618383],[84.4729623,28.6618513],[84.4729717,28.6618795],[84.4729704,28.6619207],[84.4729865,28.6619478],[84.4730186,28.661976],[84.4730428,28.6619948],[84.4730575,28.6620443],[84.4730589,28.6620807],[84.4730696,28.6621196],[84.4731018,28.6621678],[84.4731139,28.6621796],[84.4731554,28.6622137],[84.4731849,28.6622549],[84.4732279,28.662289],[84.4732641,28.6623161],[84.4733164,28.6623467],[84.4733606,28.6623867],[84.4733714,28.6624232],[84.4733593,28.6624644],[84.473362,28.6625091],[84.473366,28.6625597],[84.4733727,28.6625915],[84.4733848,28.6626303],[84.4733888,28.6626715],[84.4733982,28.6627338],[84.4734143,28.6628292],[84.4734156,28.6628586],[84.4734035,28.6629257],[84.4733848,28.6630163],[84.4733781,28.6630892],[84.4733821,28.6631692],[84.4734022,28.6632104],[84.4734424,28.6632551],[84.4734921,28.6632881],[84.473543,28.6633152],[84.4735859,28.6633399],[84.4736208,28.6633658],[84.4736463,28.6634069],[84.473653,28.6634552],[84.4736516,28.6636152],[84.4736543,28.6637176],[84.4736624,28.6638106],[84.4736677,28.6638953],[84.4736758,28.6639518],[84.4736892,28.6639941],[84.4736905,28.6640577],[84.4736919,28.6641201],[84.4736919,28.6641718],[84.4736852,28.6642213],[84.4736838,28.6642471],[84.4736838,28.6642872],[84.4736825,28.6643272],[84.4736838,28.664366],[84.4736691,28.6644084],[84.473661,28.6644896],[84.4736677,28.6645484],[84.4736865,28.6645931],[84.473708,28.6646555],[84.4737147,28.6647273],[84.4737308,28.664799],[84.4737361,28.6648614],[84.4737361,28.6649049],[84.4737361,28.6649426],[84.4737335,28.6650038],[84.4737361,28.6650344],[84.4737335,28.6651132],[84.4737442,28.665205],[84.4737589,28.6652674],[84.4737871,28.6653274],[84.4738153,28.6653698],[84.4738314,28.6654333],[84.4738273,28.6655098],[84.473822,28.6655533],[84.4738112,28.6656439],[84.4738045,28.6657216],[84.4737938,28.6657934],[84.4737831,28.665844],[84.473763,28.6658875],[84.4737348,28.6659287],[84.4737187,28.6659605],[84.4737053,28.6660017],[84.4736986,28.6660487],[84.4736865,28.6660781],[84.4736677,28.6661335],[84.4736315,28.6661982],[84.4736221,28.6662241],[84.4736087,28.6662947],[84.473606,28.6663453],[84.4736154,28.6664041],[84.4736356,28.6664641],[84.4736382,28.6665065],[84.4736436,28.6665606],[84.4736369,28.6665971],[84.4736181,28.6666312],[84.4735993,28.6666547],[84.4735631,28.6666806],[84.4735216,28.6667065],[84.4734947,28.6667395],[84.4734773,28.6667701],[84.4734599,28.6668112],[84.4734639,28.6668724],[84.473476,28.6669477],[84.473488,28.6669913],[84.4734921,28.6670525],[84.473484,28.6671125],[84.47348,28.6671501],[84.473476,28.6671901],[84.4734813,28.6672325],[84.47348,28.6672878],[84.4734599,28.6673372],[84.4734398,28.6673961],[84.473429,28.6674726],[84.473429,28.6675232],[84.473429,28.6675785],[84.4734277,28.6676526],[84.4734451,28.6677314],[84.4734719,28.6677973],[84.4734934,28.667835],[84.4735001,28.6678703],[84.4735001,28.667915],[84.4734853,28.6679585],[84.4734424,28.6680033],[84.4733968,28.6680244],[84.4733459,28.6680291],[84.4732694,28.6680186],[84.4732346,28.6680091],[84.4731809,28.667988],[84.4731273,28.6679574],[84.4730709,28.6679303],[84.4730106,28.6678938],[84.4729663,28.6678679],[84.4729167,28.6678432],[84.4728295,28.6678032],[84.4727625,28.6677597],[84.4727048,28.6677079],[84.4726579,28.6676561],[84.4726123,28.6676032],[84.4725707,28.667562],[84.4725345,28.6675232],[84.4724862,28.667489],[84.4724205,28.6674537],[84.4723588,28.6674349],[84.4722743,28.6674173],[84.4722328,28.6674161],[84.4721858,28.6674173],[84.4721161,28.6674314],[84.4720303,28.6674455],[84.4719686,28.6674478],[84.4719203,28.667442],[84.4718827,28.6674231],[84.4718505,28.6673984],[84.4718358,28.6673725],[84.4718318,28.6673408],[84.4718251,28.6672925],[84.471817,28.6672666],[84.4717942,28.667236],[84.4717781,28.6672019],[84.4717687,28.6671666],[84.4717593,28.667129],[84.4717352,28.6670866],[84.4716816,28.6670289],[84.4716507,28.6670054],[84.4715944,28.6669548],[84.4715421,28.6669007],[84.4715099,28.6668407],[84.4714683,28.6667595],[84.4714576,28.6666948],[84.4714281,28.6666065],[84.4714308,28.6665288],[84.4714294,28.6664653],[84.471412,28.6664065],[84.4713905,28.6663088],[84.4713812,28.6662523],[84.4713584,28.6661923],[84.4713503,28.6661582],[84.4713409,28.6661052],[84.4713369,28.6660629],[84.4713315,28.6660158],[84.4713101,28.6659558],[84.4713128,28.6659252],[84.4713208,28.6658687],[84.4713208,28.6658252],[84.4713262,28.6657899],[84.4713342,28.665744],[84.4713181,28.6656887],[84.4713007,28.6656592],[84.4712926,28.6656333],[84.4712752,28.6655733],[84.4712591,28.6655333],[84.4712323,28.6654851],[84.4711947,28.6654251],[84.4711746,28.665378],[84.4711424,28.6653286],[84.471121,28.6652886],[84.4711049,28.6652415],[84.4710968,28.6651874],[84.4710875,28.6651497],[84.4710794,28.6651097],[84.4710633,28.6650285],[84.4710486,28.6649791],[84.4710419,28.6649179],[84.4710311,28.664852],[84.4710083,28.6647449],[84.4709963,28.6646778],[84.4709775,28.6645813],[84.4709654,28.6645049],[84.470952,28.6644601],[84.4709319,28.6643789],[84.470889,28.664193],[84.4708836,28.664113],[84.4708487,28.6639753],[84.4708259,28.6638918],[84.4708031,28.6637894],[84.4707683,28.6636811],[84.4707482,28.6635517],[84.4706999,28.6633987],[84.4706851,28.6632904],[84.4706288,28.663201],[84.4705939,28.6631304],[84.4705698,28.6630633],[84.470551,28.6629904],[84.4705282,28.6629209],[84.470496,28.662848],[84.4704732,28.6627739],[84.4704719,28.6627056],[84.4704652,28.6626244],[84.4704464,28.6625491],[84.4704317,28.6624761],[84.4703995,28.6624055],[84.4703458,28.6623208],[84.4702949,28.6622267],[84.4702587,28.6621513],[84.4701956,28.6620525],[84.470154,28.6619525],[84.4701138,28.6618571],[84.470091,28.6617195],[84.4700816,28.661623],[84.4700575,28.6615135],[84.4700387,28.661417],[84.4699837,28.6612841],[84.4699408,28.6611982],[84.4699073,28.6611275],[84.4698657,28.6610487],[84.4698268,28.6609981],[84.4697893,28.6609157],[84.4697678,28.6608451],[84.4697343,28.660751],[84.4697021,28.6606486],[84.4696833,28.6605792],[84.4696525,28.660485],[84.4696029,28.6603673],[84.4695854,28.6603132],[84.4695304,28.6602085],[84.4695184,28.6601485],[84.469513,28.660079],[84.4695009,28.6600437],[84.4694674,28.6599743],[84.4694406,28.6598931],[84.4694164,28.659819],[84.4693896,28.6597472],[84.4693695,28.6596624],[84.4693373,28.6595695],[84.469285,28.6594612],[84.4692703,28.6594035],[84.4692542,28.6593412],[84.4692394,28.6592612],[84.4692005,28.6591976],[84.4691885,28.6591599],[84.4691817,28.6591176],[84.4691737,28.6590905],[84.469167,28.6590529],[84.4691549,28.6590081],[84.4691522,28.6589634],[84.4691469,28.6589316],[84.4691308,28.6589046],[84.469112,28.6588705],[84.4690959,28.6588328],[84.4690905,28.6588034],[84.4690637,28.658761],[84.4690436,28.6587339],[84.4690181,28.658701],[84.4689953,28.6586492],[84.4689859,28.6585927],[84.4689859,28.6585574],[84.4689779,28.6585115],[84.4689578,28.6584397],[84.4689497,28.6584115],[84.4689243,28.6583727],[84.4689095,28.6583338],[84.4688974,28.6582868],[84.4688921,28.6582526],[84.4688787,28.6582079],[84.4688532,28.6581502],[84.4688317,28.6581114],[84.4688076,28.6580785],[84.4687942,28.6580302],[84.4687754,28.6579784],[84.4687392,28.6578925],[84.4687191,28.657829],[84.4686761,28.6577548],[84.4686547,28.6576913],[84.4686373,28.6576289],[84.4686359,28.6575948],[84.4686265,28.6575618],[84.4686212,28.6575371],[84.4686037,28.6575006],[84.4685836,28.6574536],[84.4685568,28.6574041],[84.4685461,28.6573641],[84.4685367,28.6573441],[84.4685072,28.6573171],[84.4684884,28.6572912],[84.4684803,28.6572665],[84.4684629,28.6572229],[84.4684535,28.6571782]]]}},{"type":"Feature","properties":{"source":"https://www.openstreetmap.org/way/353916504","name":"Chhiuti Tal"},"geometry":{"type":"Polygon","coordinates":[[[83.181192,29.0028575],[83.1809919,29.0030598],[83.1807628,29.0031766],[83.1805268,29.0031297],[83.18028,29.0029701],[83.1797436,29.0027356],[83.1795505,29.002576],[83.1794623,29.0024053],[83.1794003,29.0022852],[83.1794539,29.0021069],[83.1797865,29.0018066],[83.179919,29.0015959],[83.1802371,29.0014406],[83.1803659,29.0013374],[83.1808058,29.001131],[83.1810632,29.0008964],[83.1813207,29.0007275],[83.1816104,29.0006524],[83.1819859,29.00069],[83.1823078,29.0007744],[83.1828335,29.0010278],[83.1831125,29.0011122],[83.1834129,29.0010653],[83.1837347,29.0010935],[83.1840818,29.0011643],[83.1843034,29.0012061],[83.1843393,29.001549],[83.1843929,29.0016992],[83.1843929,29.0018962],[83.1841355,29.0022622],[83.18396,29.0026886],[83.1836811,29.0028482],[83.1831983,29.0029608],[83.1826833,29.0029514],[83.1822541,29.0029701],[83.1816641,29.0027919],[83.1813207,29.0027356],[83.181192,29.0028575]]]}},{"type":"Feature","properties":{"source":"https://www.openstreetmap.org/way/353918852","name":"Chorum Tal"},"geometry":{"type":"Polygon","coordinates":[[[83.1751195,28.9938773],[83.1749194,28.9940278],[83.1746635,28.9941353],[83.1741807,28.9942339],[83.1740409,28.994234],[83.1739658,28.9942574],[83.1737566,28.9942996],[83.1736869,28.9943043],[83.1735581,28.9942809],[83.1735098,28.994295],[83.173365,28.9943888],[83.1732845,28.9943982],[83.1731665,28.99437],[83.1729466,28.9943841],[83.1727964,28.9943794],[83.1726623,28.9943372],[83.1725389,28.9942809],[83.172217,28.9942011],[83.1717718,28.9941964],[83.1715035,28.9942809],[83.1713372,28.9943419],[83.1711978,28.994356],[83.1711227,28.9943513],[83.1709456,28.9942527],[83.1708276,28.9942105],[83.170613,28.9941683],[83.1703502,28.9941683],[83.1699479,28.994187],[83.1693631,28.9941307],[83.1693336,28.994119],[83.1693095,28.9940932],[83.1693068,28.9940603],[83.1693202,28.9940322],[83.1693417,28.9940087],[83.1694597,28.9939337],[83.1695804,28.9938774],[83.1699827,28.993746],[83.1709778,28.9935747],[83.1711173,28.9935395],[83.1712648,28.9934762],[83.1713748,28.9934105],[83.1714016,28.9933894],[83.1714231,28.9933706],[83.1714338,28.9933425],[83.1714392,28.993312],[83.1714365,28.9932815],[83.1714123,28.9932251],[83.1712407,28.9929812],[83.1712005,28.9929155],[83.1711897,28.992885],[83.171179,28.9928287],[83.171179,28.9927982],[83.1711978,28.9927442],[83.1712434,28.9927043],[83.1712863,28.9926339],[83.1711549,28.9923524],[83.1711334,28.9923289],[83.1710798,28.9922163],[83.171002,28.9921178],[83.1709966,28.992031],[83.1710288,28.9919325],[83.1711066,28.9917987],[83.1711844,28.9916955],[83.1712058,28.991672],[83.1712595,28.9916251],[83.1713077,28.9915852],[83.1715867,28.9913952],[83.1716591,28.9913506],[83.171863,28.9911184],[83.1719381,28.9910855],[83.1721285,28.9910245],[83.1721848,28.9909917],[83.1724074,28.9907688],[83.1724235,28.9907453],[83.1724343,28.9907172],[83.1725121,28.9906139],[83.1726408,28.9905013],[83.172783,28.9903394],[83.1728125,28.9903254],[83.1728446,28.9903207],[83.1729117,28.9903394],[83.1729734,28.9903653],[83.1730726,28.9903676],[83.1731397,28.9903535],[83.1733194,28.9902808],[83.1734079,28.9902081],[83.1734696,28.9901353],[83.173475,28.9900814],[83.1734642,28.9900438],[83.1734995,28.9900437],[83.173714,28.9904238],[83.1739645,28.9906917],[83.174111,28.9910056],[83.1742649,28.9912923],[83.1743899,28.991259],[83.1744436,28.9914749],[83.1744795,28.9917428],[83.1745723,28.9919159],[83.1747225,28.9919065],[83.1749049,28.9917282],[83.175098,28.9916297],[83.175289,28.991619],[83.1755878,28.9917606],[83.1757316,28.9920375],[83.1761424,28.9922965],[83.1761387,28.9924696],[83.176121,28.9927],[83.1759671,28.992906],[83.175849,28.993211],[83.175708,28.993371],[83.175377,28.9936755],[83.1752482,28.9937506],[83.1751195,28.9938773]]]}},{"type":"Feature","properties":{"source":"https://www.openstreetmap.org/way/357841787","name":"Chhalugal Tal"},"geometry":{"type":"Polygon","coordinates":[[[83.0258385,29.1100075],[83.0257243,29.1101936],[83.0255596,29.1102981],[83.025338,29.1102498],[83.0251556,29.110203],[83.0249588,29.1101856],[83.0247013,29.1101763],[83.0243617,29.1102405],[83.0240683,29.1102981],[83.0238467,29.1102967],[83.0236858,29.1102592],[83.0235533,29.11012],[83.023328,29.1098763],[83.0232314,29.1097732],[83.0231992,29.1096232],[83.0230705,29.1093982],[83.0230598,29.1092295],[83.023092,29.1090233],[83.0232314,29.1088171],[83.0238038,29.1079626],[83.0239181,29.1076547],[83.0239288,29.1074766],[83.023961,29.1072235],[83.0239288,29.107111],[83.0239824,29.1069985],[83.0240897,29.1069798],[83.0242222,29.1070159],[83.0243939,29.1070721],[83.0246262,29.1070735],[83.0250124,29.1069236],[83.0253879,29.1067642],[83.025581,29.1065955],[83.025978,29.1063142],[83.0263106,29.106258],[83.0266325,29.106183],[83.0269973,29.1060893],[83.0271475,29.1060893],[83.0273336,29.1063128],[83.0274693,29.1066986],[83.027523,29.1069517],[83.0273835,29.1076453],[83.027362,29.1078703],[83.0272907,29.1081782],[83.027119,29.108497],[83.0270225,29.1087969],[83.0269114,29.1088827],[83.0265788,29.109042],[83.0262248,29.1092576],[83.0260461,29.1095187],[83.0259458,29.1097638],[83.0258385,29.1100075]]]}},{"type":"Feature","properties":{"source":"https://www.openstreetmap.org/way/357841790","name":"Chhoitai Tal"},"geometry":{"type":"Polygon","coordinates":[[[83.0156177,29.1327816],[83.0156191,29.1328718],[83.0155815,29.1329842],[83.015265,29.133509],[83.0152368,29.133625],[83.0152811,29.1341322],[83.015269,29.1344263],[83.0151403,29.1346324],[83.0149109,29.1348351],[83.0147017,29.1349522],[83.0145676,29.1349663],[83.0144228,29.1349382],[83.0143423,29.1348679],[83.0142726,29.1347742],[83.0142189,29.1346523],[83.0141385,29.1345258],[83.0140419,29.1344134],[83.0139346,29.1343431],[83.0137791,29.1342869],[83.0136503,29.1342119],[83.0136074,29.1341416],[83.0135859,29.1340666],[83.0135055,29.1339401],[83.0132051,29.1338605],[83.0130656,29.1337995],[83.0129959,29.1337058],[83.0128832,29.1334903],[83.0127813,29.1333966],[83.0126257,29.1333169],[83.0124326,29.1330592],[83.0122073,29.1329421],[83.0121644,29.1328999],[83.0120946,29.1328062],[83.0119981,29.1326094],[83.0118961,29.132347],[83.0118984,29.1322513],[83.0119393,29.1321939],[83.0118771,29.1320303],[83.0117935,29.1319463],[83.0117581,29.1318874],[83.0117469,29.1318334],[83.011781,29.1317925],[83.0117273,29.1317477],[83.0116537,29.1316186],[83.0116245,29.1314653],[83.0116245,29.1313736],[83.0116451,29.1313214],[83.011671,29.1312985],[83.0117166,29.1312872],[83.011738,29.1312953],[83.0117588,29.1313645],[83.0118072,29.1313333],[83.0118371,29.1312833],[83.0118302,29.1312494],[83.0117979,29.1312135],[83.0117488,29.1311884],[83.0117019,29.1311093],[83.0116711,29.1309758],[83.0116931,29.1308753],[83.0117424,29.1308038],[83.0117406,29.1307303],[83.0116868,29.1306367],[83.0116204,29.1306008],[83.011627,29.1305436],[83.0118026,29.1303879],[83.0118895,29.1303563],[83.011986,29.1303356],[83.0121037,29.1303331],[83.0122663,29.130168],[83.0123038,29.1300743],[83.012497,29.1300228],[83.0126096,29.1299759],[83.0126633,29.1299291],[83.0126364,29.1298869],[83.0125452,29.1298588],[83.0124648,29.1297557],[83.0124648,29.129662],[83.0125184,29.1295635],[83.0126203,29.1295026],[83.0127062,29.1294183],[83.0127008,29.1293667],[83.0126525,29.1293152],[83.0127008,29.1292215],[83.0133016,29.1291793],[83.0136128,29.12902],[83.0137254,29.1289919],[83.0139561,29.1288841],[83.014235,29.128706],[83.014294,29.1287294],[83.0144335,29.1289403],[83.0147071,29.1290622],[83.0147433,29.1291734],[83.0149914,29.1294511],[83.015387,29.1296936],[83.0159838,29.1300275],[83.0160643,29.1301165],[83.016063,29.1301997],[83.0154903,29.1307585],[83.0154742,29.1309974],[83.0153669,29.131227],[83.0153012,29.1315867],[83.01543,29.1319803],[83.0156177,29.1327816]]]}},{"type":"Feature","properties":{"source":"https://www.openstreetmap.org/way/365810546","name":"Muli Tal"},"geometry":{"type":"Polygon","coordinates":[[[83.5302554,28.8909188],[83.5299979,28.8910879],[83.5296643,28.8908418],[83.5282384,28.8894722],[83.5277331,28.8890195],[83.5273801,28.8886832],[83.5271655,28.8882886],[83.5269295,28.8878189],[83.5264574,28.8874056],[83.5253416,28.8865977],[83.5245573,28.8857692],[83.5240542,28.8851135],[83.5235703,28.8845292],[83.5231959,28.8841365],[83.5230982,28.8839092],[83.5231959,28.8837419],[83.5236347,28.8835897],[83.5240971,28.8835916],[83.5249339,28.8836292],[83.5257064,28.8836292],[83.5264574,28.8834789],[83.5271011,28.8834977],[83.5279477,28.8837964],[83.5284197,28.8840407],[83.5289894,28.8840801],[83.52944,28.884268],[83.5297501,28.8849049],[83.5300838,28.8853389],[83.5302222,28.8858631],[83.5306728,28.8865207],[83.5308659,28.8870468],[83.5308348,28.8873305],[83.5305773,28.8875183],[83.5303198,28.8875183],[83.5299647,28.8874413],[83.5297619,28.8876686],[83.5299003,28.8881177],[83.5301052,28.8885329],[83.530029,28.8888504],[83.530029,28.8893388],[83.5302007,28.8900903],[83.5301149,28.8904849],[83.5302554,28.8909188]]]}},{"type":"Feature","properties":{"source":"https://www.openstreetmap.org/way/416097049","name":"Kal Tal"},"geometry":{"type":"Polygon","coordinates":[[[84.808796,28.5049818],[84.807884,28.5052418],[84.8061956,28.5049385],[84.8062449,28.5058374],[84.8038047,28.5061731],[84.8037185,28.5064547],[84.8040759,28.5065739],[84.8029297,28.5075702],[84.802104,28.5075486],[84.8000951,28.5067147],[84.7996268,28.5060324],[84.7990353,28.5056425],[84.7988874,28.5057616],[84.7989243,28.5059132],[84.7987025,28.5059782],[84.7981356,28.5056533],[84.7982342,28.5055125],[84.798493,28.5055775],[84.7979507,28.5048627],[84.798111,28.5047761],[84.7982588,28.504841],[84.7981972,28.5045161],[84.7987148,28.5042345],[84.8003047,28.5042345],[84.8007237,28.5046678],[84.8011674,28.504527],[84.8011427,28.5043428],[84.8023751,28.5039963],[84.8026586,28.5042345],[84.8031023,28.5042562],[84.8033734,28.5039421],[84.8038417,28.5037364],[84.8050495,28.5038771],[84.8085865,28.5046894],[84.808796,28.5049818]]]}},{"type":"Feature","properties":{"source":"https://www.openstreetmap.org/way/469009917","name":"Nangama Glacial Lake"},"geometry":{"type":"Polygon","coordinates":[[[87.8687277,27.876213],[87.867526,27.8744205],[87.8664639,27.8724857],[87.8627946,27.8673831],[87.8610995,27.8642721],[87.8592112,27.861844],[87.8596844,27.8613484],[87.8610994,27.8615404],[87.8615727,27.8618985],[87.8618838,27.8624012],[87.86361,27.8631434],[87.8644909,27.8641749],[87.8650273,27.8646112],[87.8655305,27.8655052],[87.8684809,27.8688248],[87.8705408,27.8712528],[87.8711052,27.8717768],[87.8713842,27.8726114],[87.8714259,27.8737709],[87.8719153,27.8750441],[87.8713991,27.8759569],[87.8704776,27.8767132],[87.8687277,27.876213]]]}},{"type":"Feature","properties":{"source":"https://www.openstreetmap.org/way/469009921","name":"Chheche Pokhari"},"geometry":{"type":"Polygon","coordinates":[[[87.8290911,27.8532562],[87.8295996,27.8527379],[87.8297713,27.851979],[87.8297713,27.851296],[87.8279431,27.8501577],[87.8287589,27.8494983],[87.8282979,27.8482494],[87.8294279,27.8478051],[87.8306868,27.8468185],[87.8323204,27.8452248],[87.8330974,27.8437257],[87.8335666,27.8431883],[87.8344643,27.8428348],[87.8344627,27.8430784],[87.8339931,27.8441162],[87.8338422,27.8458626],[87.8339687,27.8469924],[87.8347558,27.8476746],[87.8333504,27.8493229],[87.8306929,27.853672],[87.8295954,27.8536375],[87.8290911,27.8532562]]]}},{"type":"Feature","properties":{"source":"https://www.openstreetmap.org/way/478351664","name":"Senup Pokhari"},"geometry":{"type":"Polygon","coordinates":[[[87.7899946,27.852225],[87.7901501,27.8518978],[87.7899999,27.8515563],[87.7900321,27.8513239],[87.7902681,27.8510061],[87.7907939,27.8506409],[87.7911479,27.8509871],[87.7915449,27.8509349],[87.7916736,27.8509586],[87.7916629,27.8510867],[87.7915234,27.8514235],[87.7917702,27.8518551],[87.7918292,27.852097],[87.7917648,27.8523294],[87.7914215,27.8530029],[87.7914,27.85361],[87.7912284,27.8540653],[87.7904559,27.8547862],[87.7903164,27.8548099],[87.7900858,27.8549237],[87.7899409,27.8549143],[87.7898605,27.8548194],[87.7896244,27.8543736],[87.7894903,27.8536621],[87.7894957,27.8531878],[87.7895708,27.8529602],[87.7899946,27.852225]]]}},{"type":"Feature","properties":{"source":"https://www.openstreetmap.org/way/478351679","name":"Chenjam Pokhari"},"geometry":{"type":"Polygon","coordinates":[[[87.815143,27.9110031],[87.8151376,27.9111263],[87.8149176,27.9116952],[87.8149391,27.9119369],[87.8149981,27.9120507],[87.8151,27.9121218],[87.8153468,27.9122071],[87.8156633,27.9124062],[87.815792,27.9124157],[87.8159101,27.9123493],[87.816248,27.9119701],[87.8166343,27.9113491],[87.8167147,27.9110078],[87.8167094,27.9107471],[87.8165699,27.9104058],[87.8162641,27.9100028],[87.8164626,27.908813],[87.8167791,27.9083057],[87.8168864,27.90768],[87.8166611,27.9072344],[87.8166504,27.9069926],[87.8164572,27.9066797],[87.8163392,27.9067413],[87.8161622,27.906931],[87.8159423,27.9072486],[87.8159101,27.9073718],[87.8159369,27.9074856],[87.8162051,27.9077558],[87.8163285,27.9079597],[87.8163124,27.9083152],[87.8161783,27.9086518],[87.8159691,27.9093581],[87.8152985,27.910548],[87.815143,27.9110031]]]}},{"type":"Feature","properties":{"source":"https://www.openstreetmap.org/way/478518137","name":"Lahare Taal"},"geometry":{"type":"Polygon","coordinates":[[[87.7484054,27.8156959],[87.7479466,27.8151014],[87.7478292,27.8148843],[87.7476371,27.814469],[87.7475731,27.8142425],[87.7475517,27.8140066],[87.7475624,27.8132893],[87.7477438,27.8125721],[87.7482695,27.8118149],[87.7485441,27.8118076],[87.7490136,27.8119964],[87.7493764,27.8123267],[87.7495044,27.8127891],[87.7493657,27.8132705],[87.7493977,27.8139877],[87.7501233,27.8155544],[87.7513291,27.817272],[87.751884,27.8183667],[87.7518626,27.8196124],[87.751169,27.8203485],[87.7506462,27.8202353],[87.7503474,27.8198295],[87.7499419,27.8186687],[87.749259,27.81764],[87.7489282,27.8167435],[87.7484054,27.8156959]]]}},{"type":"Feature","properties":{"source":"https://www.openstreetmap.org/way/480014368","name":"Lapsi Pokhari"},"geometry":{"type":"Polygon","coordinates":[[[87.575971,27.7759697],[87.576089,27.7764491],[87.5761856,27.7766722],[87.5766791,27.7773793],[87.5768937,27.7778207],[87.5771726,27.7780818],[87.5773926,27.7782052],[87.5776447,27.7782716],[87.5781865,27.7782716],[87.5785835,27.7781862],[87.5789214,27.7780248],[87.5789965,27.7779299],[87.5790663,27.7775692],[87.5790877,27.7767244],[87.5790341,27.7764776],[87.5787283,27.7760646],[87.5783314,27.7757087],[87.5781168,27.7754096],[87.5778861,27.7749635],[87.5778486,27.7747214],[87.5777359,27.7746597],[87.5776018,27.7746739],[87.5774891,27.7747404],[87.577296,27.774916],[87.5767918,27.7755141],[87.5763948,27.7756327],[87.5760461,27.775851],[87.575971,27.7759697]]]}},{"type":"Feature","properties":{"source":"https://www.openstreetmap.org/way/480014376","name":"Chhawa Pokhari"},"geometry":{"type":"Polygon","coordinates":[[[87.6292289,27.7979904],[87.6292612,27.7978005],[87.6293041,27.7976914],[87.6298512,27.7971741],[87.6299921,27.7970875],[87.6301637,27.7970685],[87.6302147,27.7970199],[87.630212,27.7969464],[87.6301785,27.7968752],[87.6300846,27.7967767],[87.6300778,27.7966782],[87.6301007,27.7966094],[87.6301516,27.7965573],[87.6302341,27.7965252],[87.630271,27.7964374],[87.6301892,27.7962203],[87.6304038,27.7957932],[87.6308222,27.7951858],[87.6313265,27.7947872],[87.6316912,27.794659],[87.632115,27.7949675],[87.6325656,27.7952333],[87.6329304,27.7953566],[87.633322,27.7954183],[87.6335151,27.7955654],[87.6336224,27.7959071],[87.6336492,27.7961586],[87.6335902,27.7963911],[87.6334776,27.7966142],[87.6332523,27.796766],[87.6323081,27.7968989],[87.6320346,27.7969084],[87.6317684,27.7968929],[87.6316537,27.7969986],[87.6316396,27.7971824],[87.6314177,27.7975538],[87.6312138,27.7978859],[87.6311119,27.7979666],[87.6308758,27.7982751],[87.6304842,27.7985977],[87.6303555,27.7986357],[87.6301784,27.7986357],[87.6297882,27.7985443],[87.629343,27.7982169],[87.6292289,27.7979904]]]}},{"type":"Feature","properties":{"source":"https://www.openstreetmap.org/way/537728113","name":"Kalo Pokhari"},"geometry":{"type":"Polygon","coordinates":[[[87.205283,27.6918599],[87.2049665,27.6916129],[87.2046125,27.6913706],[87.204296,27.6912186],[87.2041297,27.6910096],[87.2041619,27.6906439],[87.2038132,27.6904349],[87.2033518,27.6903066],[87.2032016,27.6901974],[87.2034323,27.6900786],[87.2036844,27.6900834],[87.2040117,27.6899979],[87.20465,27.6900501],[87.2048271,27.6898031],[87.2050309,27.6895419],[87.2054493,27.6894468],[87.2058409,27.6893091],[87.2063291,27.6893756],[87.20649,27.6895371],[87.2071016,27.6896844],[87.207166,27.6899266],[87.2078472,27.6899836],[87.2080189,27.6902496],[87.2081745,27.6906059],[87.2083676,27.6909479],[87.2084427,27.6915511],[87.2084159,27.6918551],[87.2083139,27.6919169],[87.2082925,27.6920119],[87.2083247,27.6920736],[87.2079116,27.6927481],[87.2075522,27.6929001],[87.2074228,27.6928829],[87.207123,27.6928431],[87.2070265,27.6927006],[87.2069621,27.6923491],[87.2067046,27.6920784],[87.2060931,27.6918836],[87.2059321,27.6919264],[87.205798,27.6921259],[87.205798,27.6923491],[87.205739,27.6924726],[87.2056746,27.6926104],[87.2055298,27.6926341],[87.2054386,27.6925106],[87.2054548,27.6924522],[87.2054815,27.6923586],[87.2054654,27.6921876],[87.205385,27.6919976],[87.205283,27.6918599]]]}},{"type":"Feature","properties":{"source":"https://www.openstreetmap.org/way/619470856","name":"Banduke Pokhari"},"geometry":{"type":"Polygon","coordinates":[[[87.30026,27.8390002],[87.3008502,27.8390951],[87.3013437,27.8390666],[87.3019821,27.8389433],[87.3024273,27.8387251],[87.3029208,27.8383907],[87.303071,27.8380467],[87.3028564,27.8376032],[87.3022878,27.8371359],[87.3016548,27.8368656],[87.3012257,27.8370553],[87.3011441,27.8372443],[87.3009145,27.8377764],[87.3004693,27.8382365],[87.3002869,27.8386492],[87.30026,27.8390002]]]}},{"type":"Feature","properties":{"source":"https://www.openstreetmap.org/way/619471963","name":"Lakshmi Pokhari"},"geometry":{"type":"Polygon","coordinates":[[[87.2910721,27.8410243],[87.2921973,27.8408976],[87.2927928,27.8413245],[87.2931683,27.8418653],[87.2933346,27.8425863],[87.2933292,27.8428472],[87.2930717,27.8430559],[87.2925568,27.843146],[87.2919238,27.8434591],[87.2910869,27.8437152],[87.2905183,27.8432741],[87.2899497,27.8423396],[87.2897404,27.8421878],[87.290073,27.8418795],[87.2903949,27.841168],[87.2910721,27.8410243]]]}},{"type":"Feature","properties":{"source":"https://www.openstreetmap.org/way/669582836","name":"Chharka Kirphuk Tal"},"geometry":{"type":"Polygon","coordinates":[[[83.3325644,29.2224345],[83.3320548,29.2221441],[83.3318637,29.2217549],[83.3317433,29.2214028],[83.3317079,29.2211743],[83.3318,29.2209951],[83.3320265,29.2209457],[83.3324299,29.2209519],[83.3328759,29.220921],[83.3333431,29.220921],[83.3334563,29.2210445],[83.3335483,29.221236],[83.3337678,29.2215387],[83.333966,29.2217426],[83.3341004,29.2219588],[83.3340792,29.2220947],[83.3338244,29.2221812],[83.3335837,29.2223233],[83.3333997,29.2225086],[83.3333006,29.2225704],[83.333067,29.222558],[83.3327485,29.2224839],[83.3325644,29.2224345]]]}},{"type":"Feature","properties":{"source":"https://www.openstreetmap.org/way/718866400","name":"Gosainkunda"},"geometry":{"type":"Polygon","coordinates":[[[81.6428482,30.1577071],[81.6432238,30.1575494],[81.6437065,30.1573361],[81.6438782,30.1570114],[81.6438246,30.1567052],[81.6436514,30.1564455],[81.6437726,30.1560294],[81.643929,30.1557701],[81.6441649,30.1556397],[81.6442229,30.1552473],[81.6443545,30.1550952],[81.6446936,30.1549499],[81.6449189,30.1547293],[81.6451442,30.1543396],[81.645273,30.1538851],[81.645409,30.1534852],[81.6453628,30.1532401],[81.6450737,30.1530174],[81.6449046,30.152657],[81.6447876,30.1523415],[81.6449082,30.1520575],[81.6445541,30.151807],[81.6444062,30.1517652],[81.6440017,30.1517812],[81.6437924,30.1520297],[81.6435242,30.1523729],[81.6432023,30.1527718],[81.6428161,30.153347],[81.6423654,30.1538109],[81.6424191,30.1543396],[81.6424298,30.1550632],[81.6426122,30.1555085],[81.6426551,30.1557961],[81.6426551,30.1562321],[81.6426873,30.156696],[81.6426229,30.1571598],[81.6426339,30.1575933],[81.6426876,30.1577275],[81.6428482,30.1577071]]]}},{"type":"Feature","properties":{"source":"https://www.openstreetmap.org/way/884502385","name":"Pach Pokhari"},"geometry":{"type":"Polygon","coordinates":[[[86.8482603,27.6101657],[86.8488642,27.6100892],[86.8493757,27.610051],[86.8497207,27.6098599],[86.850072,27.6096524],[86.850417,27.609636],[86.8508484,27.6096033],[86.8510517,27.6093139],[86.8511811,27.6090408],[86.8516371,27.6088224],[86.8516803,27.6087514],[86.8518836,27.6086095],[86.8517357,27.6082982],[86.8513845,27.6080907],[86.8513352,27.6078614],[86.8514584,27.6076703],[86.8512304,27.6075501],[86.8509162,27.6074901],[86.8506327,27.6075392],[86.8503308,27.6073863],[86.8502199,27.6073099],[86.8498933,27.6073153],[86.8496098,27.6073372],[86.8491538,27.6076102],[86.84863,27.6078122],[86.8482973,27.6080689],[86.8480631,27.608462],[86.8481802,27.6087078],[86.8478659,27.6089862],[86.8476379,27.6091828],[86.8476133,27.6093958],[86.8476503,27.6097835],[86.8475024,27.6099746],[86.8474531,27.610122],[86.8475147,27.6102421],[86.8478228,27.6101711],[86.8480631,27.6101875],[86.8482603,27.6101657]]]}},{"type":"Feature","properties":{"source":"https://www.openstreetmap.org/way/997612693","name":"Dudh Pokhari"},"geometry":{"type":"Polygon","coordinates":[[[86.4638772,27.8892865],[86.4639512,27.8896008],[86.4641142,27.8899019],[86.4641142,27.8900722],[86.4643809,27.8903079],[86.4647809,27.8909626],[86.4650772,27.8910281],[86.4652698,27.891015],[86.4653883,27.8908971],[86.4654624,27.8910804],[86.4655809,27.8911197],[86.4655957,27.8913423],[86.4658328,27.8914471],[86.4664106,27.8916435],[86.4667661,27.891853],[86.4669587,27.8920625],[86.4671217,27.8920101],[86.467255,27.8918399],[86.4671217,27.8915387],[86.4670328,27.8913816],[86.4667957,27.8913161],[86.4667957,27.8911721],[86.4666328,27.8911066],[86.4665291,27.8908709],[86.4662624,27.8908185],[86.4661735,27.8907269],[86.466292,27.8905174],[86.4659661,27.890321],[86.4658624,27.8901638],[86.4654476,27.8899543],[86.4649735,27.8898889],[86.4647661,27.8896139],[86.4643957,27.8896139],[86.4642179,27.8894044],[86.464129,27.8892734],[86.4638772,27.8892865]]]}},{"type":"Feature","properties":{"source":"https://www.openstreetmap.org/way/1113341978","name":"Samdo Pokhari"},"geometry":{"type":"Polygon","coordinates":[[[87.7810836,27.7438407],[87.7811533,27.7437315],[87.7811104,27.7435606],[87.7811211,27.7434087],[87.7811855,27.7432995],[87.781207,27.7432045],[87.7812231,27.7431096],[87.7811587,27.7430573],[87.7811587,27.7429909],[87.7810836,27.7429102],[87.7810031,27.7429054],[87.7809334,27.7429054],[87.7806866,27.7429956],[87.7805471,27.7430289],[87.7804881,27.7430194],[87.7804184,27.7429814],[87.780354,27.7428912],[87.7802736,27.7427772],[87.7802628,27.7427345],[87.780236,27.7425921],[87.7802521,27.7424164],[87.7803969,27.7423927],[87.7805686,27.7423927],[87.7807456,27.7424069],[87.780928,27.7424449],[87.7810085,27.7424591],[87.7810836,27.7425256],[87.7811426,27.7425731],[87.7812338,27.742611],[87.7813679,27.7426728],[87.7815181,27.7427202],[87.7816576,27.7427345],[87.7817219,27.7427535],[87.7818668,27.7427345],[87.7819258,27.7427155],[87.7819848,27.7426585],[87.7819633,27.7426348],[87.7818829,27.7426158],[87.7818239,27.7425873],[87.781738,27.7425588],[87.7816361,27.7425351],[87.7815556,27.7424971],[87.7814859,27.7424259],[87.781384,27.7423594],[87.7813411,27.7423167],[87.7813464,27.7422312],[87.7814215,27.7422217],[87.7815181,27.742274],[87.78162,27.7423357],[87.7817434,27.7423927],[87.78184,27.7424259],[87.7820438,27.7424591],[87.7821672,27.7424686],[87.7823442,27.7424449],[87.7824354,27.7424449],[87.7826124,27.7424781],[87.7828592,27.7425493],[87.783063,27.7426158],[87.7831596,27.7427013],[87.7831757,27.7427962],[87.7831972,27.7429481],[87.7832723,27.7431286],[87.7833044,27.7432805],[87.7833588,27.7434977],[87.7834171,27.7436698],[87.7835137,27.743855],[87.7836424,27.7439594],[87.7838302,27.7440306],[87.7839589,27.7441161],[87.7841145,27.7442158],[87.78427,27.7442917],[87.7844149,27.7444152],[87.7845168,27.7445339],[87.7847421,27.7446763],[87.7850157,27.7447333],[87.7852625,27.7448092],[87.7854234,27.7449327],[87.785638,27.7451273],[87.7857882,27.7453457],[87.7859008,27.7454834],[87.7859813,27.745754],[87.7860188,27.7459154],[87.7860457,27.7460864],[87.7859813,27.7462525],[87.785874,27.7464044],[87.7857672,27.74662],[87.7856219,27.7467795],[87.7855039,27.7468507],[87.7852195,27.7468792],[87.7848601,27.7468792],[87.7845812,27.7469219],[87.7845061,27.7469884],[87.7844042,27.7470264],[87.7842808,27.7470501],[87.7841413,27.7470406],[87.7839911,27.7470169],[87.7838033,27.7469931],[87.7836263,27.7469172],[87.7834976,27.7468507],[87.7833581,27.7468032],[87.7831918,27.746751],[87.7831221,27.7466988],[87.783047,27.7465991],[87.7829665,27.7464662],[87.7828699,27.7463],[87.7827626,27.7461671],[87.7826607,27.7460674],[87.7825642,27.7459914],[87.782371,27.7459249],[87.7822155,27.7459059],[87.782135,27.7459059],[87.7820706,27.7458727],[87.782017,27.745849],[87.7818775,27.7457968],[87.7817863,27.745792],[87.7816629,27.745792],[87.7816093,27.7457588],[87.7814645,27.7457493],[87.7812821,27.7458205],[87.7811426,27.7458395],[87.7810675,27.7457635],[87.7809924,27.7456876],[87.7808851,27.7456686],[87.780751,27.7457065],[87.7805579,27.7457303],[87.7804452,27.7456591],[87.7803258,27.7454867],[87.7800643,27.7451606],[87.7798229,27.7449137],[87.7795279,27.7447095],[87.779265,27.7445671],[87.7790719,27.7444532],[87.7788681,27.7442538],[87.778691,27.7441066],[87.7785516,27.7440069],[87.7784496,27.7438597],[87.7783745,27.7436556],[87.7783745,27.7435036],[87.7784014,27.7434419],[87.7785408,27.7434182],[87.7790987,27.743328],[87.7791899,27.7433564],[87.7792275,27.7434751],[87.7792704,27.7435369],[87.779367,27.7435274],[87.7794421,27.7435131],[87.7795279,27.7435179],[87.7796835,27.7435796],[87.7797908,27.7436033],[87.7798229,27.7436271],[87.7798283,27.743684],[87.7798229,27.7437837],[87.7798819,27.7438692],[87.7799517,27.7439452],[87.780059,27.7439974],[87.7801073,27.7439831],[87.780413,27.7440449],[87.7806491,27.7440211],[87.78081,27.7439404],[87.7810836,27.7438407]]]}},{"type":"Feature","properties":{"source":"https://www.openstreetmap.org/way/1210685404","name":"Kate Tal"},"geometry":{"type":"Polygon","coordinates":[[[83.3283806,28.7909284],[83.3289385,28.7904535],[83.3295608,28.7901338],[83.3305424,28.7899082],[83.3309823,28.7896637],[83.3314276,28.7891936],[83.3323117,28.7884987],[83.3327365,28.788164],[83.3329189,28.7875763],[83.3331549,28.7872049],[83.3335519,28.7869087],[83.3342332,28.7864667],[83.3346199,28.7863806],[83.3348743,28.786147],[83.3346889,28.7856461],[83.3346601,28.7850876],[83.3345686,28.7845705],[83.3342465,28.7842161],[83.3342012,28.7838958],[83.3329295,28.7836375],[83.3324977,28.7838975],[83.3315425,28.7839511],[83.3311839,28.7843099],[83.3307754,28.7842061],[83.3303369,28.7842985],[83.3294355,28.784778],[83.3279344,28.7859662],[83.3268571,28.7869369],[83.3258029,28.7880724],[83.3254248,28.7885166],[83.3249634,28.7893581],[83.324714,28.7897695],[83.324722,28.7901197],[83.3249474,28.7903736],[83.3251351,28.7904018],[83.3255535,28.7903807],[83.325972,28.7902608],[83.3268303,28.7900986],[83.3270475,28.7900986],[83.3272192,28.7902232],[83.3276403,28.7908249],[83.3280104,28.7910271],[83.3282143,28.7910506],[83.3283806,28.7909284]]]}},{"type":"Feature","properties":{"source":"https://www.openstreetmap.org/way/1216888443","name":"Tiuche Lake"},"geometry":{"type":"Polygon","coordinates":[[[84.216705,28.4086821],[84.2174548,28.4090943],[84.2181296,28.4090943],[84.2187106,28.4093251],[84.2193667,28.4093416],[84.2195942,28.4091587],[84.2196887,28.408934],[84.2196502,28.4086716],[84.2195166,28.4084678],[84.2189543,28.408204],[84.2175673,28.4080721],[84.2169487,28.4080392],[84.2164426,28.4079073],[84.2159365,28.4075116],[84.2156179,28.4073797],[84.2151305,28.4074786],[84.2151305,28.4078248],[84.215393,28.4081051],[84.2158428,28.4083194],[84.2159928,28.4085997],[84.2162364,28.4085997],[84.2166675,28.4085667],[84.216705,28.4086821]]]}},{"type":"Feature","properties":{"source":"https://www.openstreetmap.org/way/1309217754","name":"Sinjenma Pokhari"},"geometry":{"type":"Polygon","coordinates":[[[87.7735422,27.7613534],[87.7743039,27.7607742],[87.7754304,27.7598533],[87.7774475,27.7590938],[87.7785633,27.7586571],[87.7788208,27.7584767],[87.7791533,27.7584197],[87.7794216,27.7583343],[87.7796361,27.7581159],[87.7799687,27.7576982],[87.7805374,27.7572804],[87.7808807,27.7568817],[87.7809451,27.7564449],[87.7806983,27.7556284],[87.7801082,27.7551537],[87.7796469,27.7548594],[87.7791319,27.754622],[87.778692,27.7544606],[87.7785418,27.7541947],[87.7781663,27.7541852],[87.7774904,27.7544701],[87.776911,27.7549448],[87.7764604,27.7553246],[87.7759562,27.7555809],[87.7755592,27.7559892],[87.7750657,27.7566823],[87.7746687,27.7575273],[87.7742503,27.7582868],[87.7737782,27.7589704],[87.77351,27.7599388],[87.77351,27.7605464],[87.7734027,27.7612489],[87.7735422,27.7613534]]]}},{"type":"Feature","properties":{"source":"https://www.openstreetmap.org/way/1427061536","name":"Kajin Sara"},"geometry":{"type":"Polygon","coordinates":[[[84.2578236,28.4951087],[84.2578861,28.4954015],[84.2578757,28.4957219],[84.257001,28.4967652],[84.2571676,28.4973143],[84.2570843,28.4974882],[84.2572092,28.4975888],[84.2570322,28.498321],[84.2567927,28.4983484],[84.2565219,28.4984583],[84.2564178,28.4985589],[84.2562512,28.4986779],[84.2561158,28.4986596],[84.2557097,28.498504],[84.2554285,28.4984308],[84.2553452,28.4984033],[84.2552098,28.4982844],[84.2551369,28.4981105],[84.2550849,28.4980281],[84.2549495,28.4978817],[84.2547829,28.4977261],[84.2546787,28.4976438],[84.2543559,28.4975065],[84.2535749,28.497479],[84.2532,28.4975339],[84.2529709,28.4973967],[84.2526793,28.4967926],[84.2527627,28.4964357],[84.2528251,28.496033],[84.2532417,28.4959232],[84.2536166,28.4957585],[84.2538561,28.4957859],[84.2540019,28.4960239],[84.2543872,28.4960879],[84.254762,28.4961062],[84.2549078,28.496152],[84.2549391,28.4962984],[84.2553869,28.4962527],[84.2560325,28.4958317],[84.256147,28.4957493],[84.2562928,28.4955205],[84.2563449,28.495429],[84.2564907,28.4954748],[84.256574,28.4954748],[84.2568656,28.4953375],[84.2571051,28.4952277],[84.2571988,28.4952368],[84.2573029,28.4948799],[84.25748,28.4949622],[84.2576778,28.4949805],[84.257782,28.4950538],[84.2578236,28.4951087]]]}},{"type":"Feature","properties":{"source":"https://www.openstreetmap.org/way/1552242977","name":"garud nuhani /dudkunda"},"geometry":{"type":"Polygon","coordinates":[[[82.5572239,29.1870682],[82.557739,29.186524],[82.5581467,29.1863273],[82.5585276,29.1862008],[82.559461,29.1861446],[82.5596434,29.186257],[82.5597518,29.1867959],[82.5599842,29.1869027],[82.5604749,29.1865052],[82.56095,29.1860262],[82.5615114,29.1855341],[82.5619561,29.1851746],[82.5624543,29.1843322],[82.5620037,29.1843181],[82.5619876,29.1840418],[82.5627433,29.183465],[82.5636828,29.1830864],[82.5641803,29.1830774],[82.5644982,29.1830583],[82.565614,29.1822995],[82.566086,29.1825056],[82.566086,29.1825993],[82.5655711,29.1829318],[82.5649166,29.184009],[82.5645523,29.1850834],[82.5643963,29.1863601],[82.5636291,29.1868705],[82.5622183,29.1868518],[82.5611991,29.1872171],[82.5594127,29.1870953],[82.5578093,29.1866996],[82.5572239,29.1870682]]]}}]}